0,2.3031552054665307,9.699675324675324,9.699675324675324,9.882305194805195,1
1,2.3024534683722955,10.349025974025974,10.349025974025974,10.876623376623376,1
2,2.301692197849224,9.699675324675324,10.349025974025974,10.105519480519481,1
3,2.3009090052022563,10.38961038961039,10.38961038961039,10.633116883116884,1
4,2.300202632879282,11.891233766233766,11.891233766233766,11.58685064935065,0
5,2.299142614587561,10.75487012987013,11.891233766233766,10.734577922077921,1
6,2.2977087652528443,10.57224025974026,11.891233766233766,11.444805194805195,1
7,2.2966814598479828,11.728896103896103,11.891233766233766,12.479707792207792,0
8,2.2943314453224084,10.28814935064935,11.891233766233766,10.795454545454545,1
9,2.291288561635203,10.02435064935065,11.891233766233766,10.511363636363637,1
10,2.287750903662149,14.143668831168831,14.143668831168831,14.021915584415584,0
11,2.282520362309047,11.30275974025974,14.143668831168831,11.607142857142858,1
12,2.275631622834639,10.28814935064935,14.143668831168831,10.57224025974026,1
13,2.2663203307560513,12.459415584415584,14.143668831168831,12.905844155844155,1
14,2.2544624464852467,11.708603896103897,14.143668831168831,11.931818181818182,1
15,2.2400625030715746,15.381493506493506,15.381493506493506,15.25974025974026,1
16,2.2636199028461013,14.61038961038961,15.381493506493506,15.036525974025974,1
17,3.08682538007761,10.247564935064934,15.381493506493506,10.166396103896103,1
18,2.3499836797838087,9.821428571428571,15.381493506493506,10.166396103896103,1
19,2.3191493579319546,9.74025974025974,15.381493506493506,10.125811688311689,1
20,2.314653526652943,9.760551948051948,15.381493506493506,10.146103896103897,1
21,2.3108437061309814,11.181006493506494,15.381493506493506,10.957792207792208,1
22,2.308094210438914,11.03896103896104,15.381493506493506,11.140422077922079,1
23,2.3039047346486674,10.470779220779221,15.381493506493506,10.612824675324676,1
24,2.3003881318228587,10.430194805194805,15.381493506493506,10.531655844155845,1
25,2.296144640290892,10.795454545454545,15.381493506493506,10.9375,1
26,2.2934519346658284,10.633116883116884,15.381493506493506,10.815746753246753,1
27,2.2858635543228742,10.531655844155845,15.381493506493506,10.714285714285714,1
28,2.280201651833274,10.531655844155845,15.381493506493506,10.612824675324676,1
29,2.273243603768287,10.6737012987013,15.381493506493506,10.896915584415584,1
30,2.2689019890574667,10.633116883116884,15.381493506493506,10.734577922077921,1
31,2.257648774555751,10.917207792207792,15.381493506493506,10.856331168831169,1
32,2.291417001129745,10.308441558441558,15.381493506493506,10.328733766233766,0
33,2.3026763247205064,11.018668831168831,15.381493506493506,10.83603896103896,1
34,2.300658061906889,10.044642857142858,15.381493506493506,10.409902597402597,1
35,2.2976780866647695,11.099837662337663,15.381493506493506,11.323051948051948,1
36,2.293283765966242,11.444805194805195,15.381493506493506,12.175324675324676,1
37,2.2879188525212277,13.169642857142858,15.381493506493506,13.656655844155845,1
38,2.2802495120407698,13.41314935064935,15.381493506493506,13.027597402597403,1
39,2.2660033857667603,10.83603896103896,15.381493506493506,10.775162337662337,1
40,2.2498430245882504,11.58685064935065,15.381493506493506,11.627435064935066,1
41,2.2282507822111057,15.198863636363637,15.381493506493506,15.401785714285714,1
42,2.240830334750089,15.543831168831169,15.543831168831169,15.685876623376624,1
43,2.2581500171066877,16.071428571428573,16.071428571428573,15.767045454545455,1
44,2.2191127708980014,17.55275974025974,17.55275974025974,18.405032467532468,0
45,2.2230480677121647,16.538149350649352,17.55275974025974,17.593344155844157,1
46,2.275864334849568,17.086038961038962,17.55275974025974,17.228084415584416,0
47,2.3037029489294274,10.633116883116884,17.55275974025974,10.328733766233766,1
48,2.2888627981210683,11.830357142857142,17.55275974025974,11.404220779220779,0
49,2.2486694044881053,16.9237012987013,17.55275974025974,16.63961038961039,0
50,2.2101567627547625,17.857142857142858,17.857142857142858,18.28327922077922,0
51,2.1980905687654175,17.775974025974026,17.857142857142858,18.141233766233768,1
52,2.19198093166599,18.871753246753247,18.871753246753247,19.094967532467532,1
53,2.2026408183110227,18.425324675324674,18.871753246753247,19.03409090909091,0
54,2.2110589541398085,16.801948051948052,18.871753246753247,16.578733766233768,0
55,2.291756821917249,18.181818181818183,18.871753246753247,17.73538961038961,1
56,2.317252134347891,10.409902597402597,18.871753246753247,10.28814935064935,1
57,2.3094236695921264,10.978084415584416,18.871753246753247,10.592532467532468,1
58,2.2960029794024184,11.282467532467532,18.871753246753247,10.978084415584416,0
59,2.261052397938518,14.204545454545455,18.871753246753247,13.494318181818182,1
60,2.207937088879672,17.491883116883116,18.871753246753247,16.294642857142858,0
61,2.2156031131744385,17.93831168831169,18.871753246753247,18.364448051948052,1
62,2.2188890723439005,16.294642857142858,18.871753246753247,15.848214285714286,0
63,2.226782575830237,17.532467532467532,18.871753246753247,17.086038961038962,1
64,2.258007746238213,12.926136363636363,18.871753246753247,12.155032467532468,1
65,2.1997747018739773,17.897727272727273,18.871753246753247,16.801948051948052,1
66,2.193204288358812,17.7150974025974,18.871753246753247,17.146915584415584,1
67,2.181059038484251,17.755681818181817,18.871753246753247,17.26866883116883,1
68,2.2056724622652126,20.10957792207792,20.10957792207792,19.541396103896105,1
69,2.251361100704639,14.143668831168831,20.10957792207792,12.966720779220779,1
70,2.216937963064615,16.98457792207792,20.10957792207792,16.883116883116884,1
71,2.2312140836344136,17.67451298701299,20.10957792207792,17.065746753246753,1
72,2.6287686360346805,12.642045454545455,20.10957792207792,13.575487012987013,1
73,3.0954118053634447,9.963474025974026,20.10957792207792,9.496753246753247,1
74,2.3913769783911767,6.737012987012987,20.10957792207792,6.554383116883117,1
75,2.3296077375288133,10.247564935064934,20.10957792207792,10.166396103896103,1
76,2.301762410572597,11.870941558441558,20.10957792207792,11.221590909090908,1
77,2.3005224605659387,13.676948051948052,20.10957792207792,12.946428571428571,1
78,2.3182597624791135,10.247564935064934,20.10957792207792,10.166396103896103,0
79,2.299920654916144,11.241883116883116,20.10957792207792,11.444805194805195,1
80,2.2648539636042213,14.082792207792208,20.10957792207792,14.021915584415584,1
81,2.2521180487298347,14.549512987012987,20.10957792207792,14.650974025974026,0
82,2.2665841703291063,14.650974025974026,20.10957792207792,15.097402597402597,1
83,2.25206293688192,15.239448051948052,20.10957792207792,15.219155844155845,1
84,2.2605320199743493,15.80762987012987,20.10957792207792,15.706168831168831,0
85,2.26146125174188,13.981331168831169,20.10957792207792,14.42775974025974,1
86,2.2495355327408033,16.314935064935064,20.10957792207792,16.11201298701299,0
87,2.2423704444588006,15.503246753246753,20.10957792207792,15.44237012987013,1
88,2.257802991123943,16.254058441558442,20.10957792207792,16.254058441558442,1
89,2.2532559060431145,14.813311688311689,20.10957792207792,14.366883116883116,1
90,2.319524672124293,13.839285714285714,20.10957792207792,13.088474025974026,0
91,2.3069619110652377,11.546266233766234,20.10957792207792,10.856331168831169,1
92,2.2513257063828505,14.914772727272727,20.10957792207792,14.0625,1
93,2.262332166944231,15.706168831168831,20.10957792207792,15.056818181818182,1
94,2.271173059166252,12.702922077922079,20.10957792207792,11.48538961038961,1
95,2.2415003931367554,15.137987012987013,20.10957792207792,14.3262987012987,1
96,2.2353731471222718,15.767045454545455,20.10957792207792,14.346590909090908,1
97,2.22650324524223,15.401785714285714,20.10957792207792,15.25974025974026,1
98,2.2174741231001818,14.914772727272727,20.10957792207792,13.555194805194805,1
99,2.4401528525662113,16.72077922077922,20.10957792207792,16.599025974025974,1
100,2.6098749761457567,9.6387987012987,20.10957792207792,9.050324675324676,1
101,2.3288433675642137,9.862012987012987,20.10957792207792,9.760551948051948,1
102,2.3181155997437317,10.247564935064934,20.10957792207792,10.166396103896103,1
103,2.3111489655135515,10.247564935064934,20.10957792207792,10.166396103896103,1
104,2.306961985377522,10.247564935064934,20.10957792207792,10.166396103896103,1
105,2.3023574723825826,10.38961038961039,20.10957792207792,10.28814935064935,1
106,2.297133176357715,13.69724025974026,20.10957792207792,13.129058441558442,1
107,2.2904773346789473,15.016233766233766,20.10957792207792,14.853896103896103,1
108,2.2878063313372725,10.531655844155845,20.10957792207792,10.75487012987013,1
109,2.2866892505001712,14.549512987012987,20.10957792207792,13.778409090909092,1
110,2.2663608650108436,14.732142857142858,20.10957792207792,14.590097402597403,1
111,2.2584707644078637,15.340909090909092,20.10957792207792,14.955357142857142,1
112,2.2514197423860622,15.503246753246753,20.10957792207792,15.685876623376624,1
113,2.2332828013927903,16.11201298701299,20.10957792207792,16.538149350649352,0
114,2.2896141015089952,11.444805194805195,20.10957792207792,11.566558441558442,1
115,2.309368981943502,10.491071428571429,20.10957792207792,10.308441558441558,1
116,2.2856934658892745,14.61038961038961,20.10957792207792,14.103084415584416,1
117,2.256058745569997,15.462662337662337,20.10957792207792,15.137987012987013,1
118,2.228620467247901,15.949675324675324,20.10957792207792,15.604707792207792,0
119,2.2297687468590675,16.132305194805195,20.10957792207792,16.030844155844157,1
120,2.227897498514745,16.416396103896105,20.10957792207792,15.929383116883116,1
121,2.2300929434887773,16.883116883116884,20.10957792207792,16.781655844155843,1
122,2.2315301275872566,16.11201298701299,20.10957792207792,15.320616883116884,1
123,2.338147853876089,11.241883116883116,20.10957792207792,11.363636363636363,1
124,2.2832142068194106,11.566558441558442,20.10957792207792,11.58685064935065,1
125,2.240581326670461,14.935064935064934,20.10957792207792,15.300324675324676,1
126,2.2175571206328155,16.416396103896105,20.10957792207792,16.801948051948052,0
127,2.238252726468173,15.848214285714286,20.10957792207792,14.97564935064935,1
128,2.2483073674239122,15.503246753246753,20.10957792207792,15.198863636363637,1
129,2.595739971507679,9.496753246753247,20.10957792207792,10.064935064935066,1
130,2.3310248356360894,10.247564935064934,20.10957792207792,10.166396103896103,1
131,2.337993974809523,8.705357142857142,20.10957792207792,8.299512987012987,1
132,2.319611694905665,10.247564935064934,20.10957792207792,10.166396103896103,0
133,2.3206625913644765,8.705357142857142,20.10957792207792,8.644480519480519,1
134,2.3144247965379194,8.441558441558442,20.10957792207792,8.198051948051948,1
135,2.3076356726807434,10.328733766233766,20.10957792207792,10.247564935064934,1
136,2.3077348702913754,9.821428571428571,20.10957792207792,9.47646103896104,1
137,2.3011699063437328,10.6737012987013,20.10957792207792,10.491071428571429,1
138,2.3133944474257433,9.55762987012987,20.10957792207792,10.146103896103897,0
139,2.2936488064852627,12.378246753246753,20.10957792207792,11.789772727272727,1
140,2.2802940746406457,13.7987012987013,20.10957792207792,13.271103896103897,1
141,2.267333659258756,13.717532467532468,20.10957792207792,13.068181818181818,1
142,2.2471463680267334,15.969967532467532,20.10957792207792,15.422077922077921,1
143,2.258780408215213,12.114448051948052,20.10957792207792,12.2362012987013,1
144,2.237372320967835,16.09172077922078,20.10957792207792,15.462662337662337,1
145,2.2801676229997114,10.186688311688311,20.10957792207792,9.983766233766234,0
146,2.263209754770452,14.3262987012987,20.10957792207792,13.108766233766234,0
147,2.258022419818036,12.804383116883116,20.10957792207792,12.418831168831169,1
148,2.2310172799345733,15.462662337662337,20.10957792207792,14.793019480519481,1
149,2.238737038203648,16.09172077922078,20.10957792207792,15.543831168831169,1
150,2.231937653058535,14.224837662337663,20.10957792207792,13.352272727272727,0
151,2.2222825273290856,16.213474025974026,20.10957792207792,15.909090909090908,1
152,2.2518490878018467,12.297077922077921,20.10957792207792,11.708603896103897,1
153,2.2208604069499227,15.848214285714286,20.10957792207792,15.462662337662337,0
154,2.215499394899839,15.604707792207792,20.10957792207792,15.503246753246753,1
155,2.2172708604242897,16.132305194805195,20.10957792207792,16.233766233766232,1
156,2.221036167887898,13.392857142857142,20.10957792207792,12.297077922077921,0
157,2.2592294866388496,15.949675324675324,20.10957792207792,16.416396103896105,1
158,2.262924274840912,13.778409090909092,20.10957792207792,13.920454545454545,1
159,2.2435896768198385,11.647727272727273,20.10957792207792,11.099837662337663,1
160,2.2192821626539354,14.184253246753247,20.10957792207792,15.8887987012987,1
161,2.255127662188047,13.433441558441558,20.10957792207792,13.474025974025974,1
162,2.291260081452209,11.465097402597403,20.10957792207792,10.6737012987013,0
163,2.244741123992127,14.488636363636363,20.10957792207792,13.656655844155845,1
164,2.239821297781808,11.566558441558442,20.10957792207792,11.607142857142858,0
165,2.278162770457082,17.045454545454547,20.10957792207792,16.741071428571427,0
166,2.3175570004946224,10.02435064935065,20.10957792207792,8.887987012987013,1
167,2.301257783716375,11.282467532467532,20.10957792207792,10.83603896103896,1
168,2.287341805247517,11.323051948051948,20.10957792207792,9.232954545454545,0
169,2.2425464964532233,15.706168831168831,20.10957792207792,14.793019480519481,1
170,3.5040765489850725,9.375,20.10957792207792,9.719967532467532,1
171,2.8945243389575515,8.969155844155845,20.10957792207792,8.82711038961039,0
172,3.3866835259771966,8.806818181818182,20.10957792207792,8.72564935064935,0
173,2.4785021930545956,10.247564935064934,20.10957792207792,10.166396103896103,0
174,2.4010577356660523,10.247564935064934,20.10957792207792,10.166396103896103,1
175,2.3719347637969177,10.247564935064934,20.10957792207792,10.166396103896103,1
176,2.3557838991090847,10.247564935064934,20.10957792207792,10.166396103896103,1
177,2.3437727860042026,10.247564935064934,20.10957792207792,10.166396103896103,0
178,2.336252193946343,10.247564935064934,20.10957792207792,10.166396103896103,1
179,2.342315642864673,10.247564935064934,20.10957792207792,10.186688311688311,0
180,2.322847706930978,10.247564935064934,20.10957792207792,10.166396103896103,1
181,2.320218036701153,10.247564935064934,20.10957792207792,10.166396103896103,1
182,2.3218390755839162,10.247564935064934,20.10957792207792,10.166396103896103,1
183,2.3149273178794165,10.247564935064934,20.10957792207792,10.166396103896103,0
184,2.313595474540413,10.38961038961039,20.10957792207792,10.267857142857142,1
185,2.3095727895761464,10.491071428571429,20.10957792207792,10.592532467532468,1
186,2.3062587248814572,11.343344155844155,20.10957792207792,11.465097402597403,1
187,2.3939576954036563,10.917207792207792,20.10957792207792,10.491071428571429,1
188,2.317064563949387,14.184253246753247,20.10957792207792,13.616071428571429,0
189,2.302331057461825,10.450487012987013,20.10957792207792,10.531655844155845,1
190,2.29359398259745,14.407467532467532,20.10957792207792,13.69724025974026,1
191,2.2773029339777957,14.935064935064934,20.10957792207792,14.529220779220779,1
192,2.2798423116857354,15.07711038961039,20.10957792207792,14.935064935064934,0
193,2.2682768617357527,14.285714285714286,20.10957792207792,13.900162337662337,1
194,2.281152056409167,15.117694805194805,20.10957792207792,15.401785714285714,0
195,2.2700665771187127,12.987012987012987,20.10957792207792,12.743506493506494,1
196,2.2596040391302727,15.239448051948052,20.10957792207792,15.158279220779221,0
197,2.257603540048971,14.448051948051948,20.10957792207792,14.366883116883116,1
198,2.280935392751322,12.337662337662337,20.10957792207792,12.723214285714286,0
199,2.2965194869351078,11.404220779220779,20.10957792207792,11.099837662337663,1
200,2.2744894399271383,15.198863636363637,20.10957792207792,15.07711038961039,1
201,2.2847595121953392,13.676948051948052,20.10957792207792,13.51461038961039,1
202,2.291262233412111,14.671266233766234,20.10957792207792,14.569805194805195,0
203,2.308735231300453,10.450487012987013,20.10957792207792,10.349025974025974,1
204,2.2633786913636444,14.306006493506494,20.10957792207792,13.595779220779221,1
205,2.269067655910145,15.625,20.10957792207792,15.401785714285714,1
206,2.319641850211404,9.841720779220779,20.10957792207792,9.598214285714286,1
207,2.305945529566183,10.105519480519481,20.10957792207792,10.551948051948052,0
208,2.2587556498391286,12.378246753246753,20.10957792207792,12.86525974025974,0
209,2.294521576398379,13.656655844155845,20.10957792207792,13.758116883116884,0
210,2.3096464702061246,9.862012987012987,20.10957792207792,10.409902597402597,1
211,2.3081195602169284,9.862012987012987,20.10957792207792,10.409902597402597,0
212,2.307411494193139,9.862012987012987,20.10957792207792,10.409902597402597,0
213,2.306961428035389,9.862012987012987,20.10957792207792,10.409902597402597,0
214,2.3061953612736295,9.862012987012987,20.10957792207792,10.409902597402597,0
215,2.3051100086856198,9.862012987012987,20.10957792207792,10.409902597402597,1
216,2.303694858179464,9.375,20.10957792207792,10.308441558441558,1
217,2.302928859537298,9.47646103896104,20.10957792207792,9.496753246753247,1
218,2.304289554620718,9.537337662337663,20.10957792207792,9.841720779220779,1
219,2.2850662268601454,11.505681818181818,20.10957792207792,12.418831168831169,1
220,2.273044189849457,12.804383116883116,20.10957792207792,11.241883116883116,0
221,2.310575986837412,9.314123376623376,20.10957792207792,9.882305194805195,1
222,2.308026152771789,9.862012987012987,20.10957792207792,10.409902597402597,1
223,2.3042103160511362,9.943181818181818,20.10957792207792,10.714285714285714,0
224,2.2869960828260942,13.818993506493506,20.10957792207792,14.265422077922079,0
225,2.2829137932170522,13.859577922077921,20.10957792207792,14.468344155844155,0
226,2.2629208967283176,13.96103896103896,20.10957792207792,14.914772727272727,1
227,2.455455934846556,9.719967532467532,20.10957792207792,10.085227272727273,1
228,2.313806335647385,10.02435064935065,20.10957792207792,10.511363636363637,1
229,2.3126750952237614,9.151785714285714,20.10957792207792,9.090909090909092,1
230,2.3115525895898994,7.305194805194805,20.10957792207792,7.08198051948052,1
231,2.306375896775877,10.511363636363637,20.10957792207792,11.018668831168831,1
232,2.319668203205257,6.7978896103896105,20.10957792207792,6.351461038961039,1
233,2.3052926713770088,10.978084415584416,20.10957792207792,11.465097402597403,1
234,2.3108170496953,6.757305194805195,20.10957792207792,6.43262987012987,1
235,2.2984899669498593,12.215909090909092,20.10957792207792,12.844967532467532,1
236,2.301147395914251,10.349025974025974,20.10957792207792,10.146103896103897,0
237,2.303158354449582,9.882305194805195,20.10957792207792,10.409902597402597,0
238,2.292102113946692,14.16396103896104,20.10957792207792,14.3262987012987,0
239,2.282561478676734,12.337662337662337,20.10957792207792,12.926136363636363,0
240,2.2725350361365777,11.891233766233766,20.10957792207792,11.728896103896103,1
241,2.25588033725689,13.372564935064934,20.10957792207792,13.453733766233766,1
242,2.2459144065906473,15.645292207792208,20.10957792207792,16.274350649350648,1
243,2.33944795038793,11.099837662337663,20.10957792207792,10.085227272727273,1
244,2.2856871090926134,13.068181818181818,20.10957792207792,13.311688311688311,1
245,2.288433418645487,13.108766233766234,20.10957792207792,13.859577922077921,1
246,2.276633850939862,14.082792207792208,20.10957792207792,14.0625,1
247,2.2646098415572924,14.529220779220779,20.10957792207792,14.529220779220779,1
248,2.2288544642460812,16.781655844155843,20.10957792207792,17.532467532467532,1
249,2.2305370584710853,16.09172077922078,20.10957792207792,16.030844155844157,0
250,2.2134594638626295,15.685876623376624,20.10957792207792,16.558441558441558,1
251,2.25028886113848,16.010551948051948,20.10957792207792,15.665584415584416,0
252,2.2720474577569343,12.053571428571429,20.10957792207792,12.439123376623376,1
253,2.251068852164529,13.900162337662337,20.10957792207792,14.021915584415584,1
254,2.4123933841655782,9.74025974025974,20.10957792207792,9.760551948051948,1
255,2.317827525076928,9.862012987012987,20.10957792207792,10.409902597402597,1
256,2.313618951029592,9.862012987012987,20.10957792207792,10.409902597402597,0
257,2.3089283720239417,9.862012987012987,20.10957792207792,10.409902597402597,1
258,2.3056237790491676,9.862012987012987,20.10957792207792,10.409902597402597,0
259,2.3023868690837515,9.862012987012987,20.10957792207792,10.409902597402597,1
260,2.298459192375084,9.862012987012987,20.10957792207792,10.409902597402597,0
261,2.288931419323017,12.073863636363637,20.10957792207792,12.560876623376624,1
262,2.273695803307868,11.58685064935065,20.10957792207792,11.018668831168831,0
263,2.2623392482856652,10.57224025974026,20.10957792207792,9.719967532467532,1
264,2.240665327418934,13.271103896103897,20.10957792207792,13.839285714285714,1
265,2.2705716405596053,13.108766233766234,20.10957792207792,12.60146103896104,0
266,2.307917622776775,12.642045454545455,20.10957792207792,12.378246753246753,1
267,2.2847096858086524,15.158279220779221,20.10957792207792,14.407467532467532,1
268,2.251616242644075,14.813311688311689,20.10957792207792,15.625,0
269,2.2113856154602844,16.233766233766232,20.10957792207792,16.051136363636363,1
270,2.2301956213913954,16.071428571428573,20.10957792207792,15.340909090909092,0
271,2.2212586991198653,16.294642857142858,20.10957792207792,16.294642857142858,1
272,2.2841450022412584,12.60146103896104,20.10957792207792,12.702922077922079,1
273,2.224700453993562,17.93831168831169,20.10957792207792,19.074675324675326,1
274,2.199870899126127,16.781655844155843,20.10957792207792,16.964285714285715,0
275,2.322319931798167,16.09172077922078,20.10957792207792,15.340909090909092,1
276,2.5457804512667965,10.815746753246753,20.10957792207792,10.83603896103896,1
277,2.3376420566013882,10.28814935064935,20.10957792207792,9.659090909090908,1
278,2.326983470421333,10.28814935064935,20.10957792207792,9.659090909090908,0
279,2.3198910812278846,10.28814935064935,20.10957792207792,9.659090909090908,1
280,2.3153064901178535,10.28814935064935,20.10957792207792,9.659090909090908,1
281,2.311529980077372,10.267857142857142,20.10957792207792,9.6387987012987,1
282,2.308915853500366,10.28814935064935,20.10957792207792,9.659090909090908,1
283,2.3068433705862468,10.551948051948052,20.10957792207792,10.38961038961039,1
284,2.3051060856162726,9.760551948051948,20.10957792207792,9.55762987012987,1
285,2.303516706863007,11.688311688311689,20.10957792207792,11.891233766233766,1
286,2.3020329630220093,10.02435064935065,20.10957792207792,10.511363636363637,1
287,2.3003098066751058,12.723214285714286,20.10957792207792,12.68262987012987,1
288,2.2979515961238315,13.129058441558442,20.10957792207792,12.86525974025974,1
289,2.294477249120737,15.25974025974026,20.10957792207792,16.416396103896105,1
290,2.2893019992035706,16.030844155844157,20.10957792207792,16.578733766233768,0
291,2.282415393110994,16.11201298701299,20.10957792207792,17.410714285714285,0
292,2.2684570504473403,17.633928571428573,20.10957792207792,18.242694805194805,1
293,2.2491467122907762,17.593344155844157,20.10957792207792,17.978896103896105,1
294,2.2152227581321418,15.787337662337663,20.10957792207792,16.35551948051948,1
295,2.216110083963964,16.35551948051948,20.10957792207792,16.63961038961039,0
296,2.3686244518725905,11.546266233766234,20.10957792207792,11.931818181818182,1
297,2.278688706360854,9.862012987012987,20.10957792207792,10.409902597402597,1
298,2.263911891293216,10.775162337662337,20.10957792207792,10.531655844155845,0
299,2.2328420583303874,11.972402597402597,20.10957792207792,12.053571428571429,1
300,2.2859966662022972,14.569805194805195,20.10957792207792,14.0625,0
301,2.3156170504433766,9.618506493506494,20.10957792207792,10.105519480519481,1
302,2.304982247290673,9.618506493506494,20.10957792207792,10.105519480519481,1
303,2.292445520301918,9.618506493506494,20.10957792207792,10.105519480519481,1
304,2.277053436675629,9.618506493506494,20.10957792207792,10.105519480519481,1
305,2.259923674843528,12.439123376623376,20.10957792207792,13.271103896103897,1
306,2.233921085085188,14.935064935064934,20.10957792207792,16.17288961038961,1
307,2.2006088046284464,16.477272727272727,20.10957792207792,17.086038961038962,1
308,2.2076082477321872,14.265422077922079,20.10957792207792,13.839285714285714,1
309,2.7487303901028324,10.876623376623376,20.10957792207792,11.343344155844155,1
310,2.420577724258621,17.288961038961038,20.10957792207792,16.477272727272727,1
311,2.3473350537287723,10.28814935064935,20.10957792207792,9.882305194805195,1
312,2.3168871371777024,12.966720779220779,20.10957792207792,13.169642857142858,1
313,2.290567264928446,12.479707792207792,20.10957792207792,12.215909090909092,1
314,2.2645076064320353,13.859577922077921,20.10957792207792,14.488636363636363,1
315,2.3291117990171752,12.844967532467532,20.10957792207792,12.479707792207792,1
316,2.33188804403528,10.28814935064935,20.10957792207792,9.659090909090908,1
317,2.317782816948829,10.28814935064935,20.10957792207792,9.659090909090908,1
318,2.310341231234662,10.28814935064935,20.10957792207792,9.659090909090908,0
319,2.3067994613152045,10.28814935064935,20.10957792207792,9.659090909090908,1
320,2.3044864450182234,10.267857142857142,20.10957792207792,9.699675324675324,0
321,2.302416742622078,9.598214285714286,20.10957792207792,9.943181818181818,1
322,2.300525361841375,9.577922077922079,20.10957792207792,9.902597402597403,1
323,2.2972400869641985,9.598214285714286,20.10957792207792,10.02435064935065,1
324,2.2927099141207608,12.642045454545455,20.10957792207792,12.987012987012987,0
325,2.2820721229949554,13.51461038961039,20.10957792207792,13.555194805194805,1
326,2.2630496830135196,12.297077922077921,20.10957792207792,11.870941558441558,1
327,2.2407029696873257,12.743506493506494,20.10957792207792,12.86525974025974,1
328,2.214083464114697,19.0137987012987,20.10957792207792,18.66883116883117,1
329,2.4046617018712033,15.137987012987013,20.10957792207792,14.833603896103897,0
330,2.3690930744270227,12.824675324675324,20.10957792207792,11.627435064935066,1
331,2.3456237656729564,10.531655844155845,20.10957792207792,10.75487012987013,1
332,2.332244148502102,10.166396103896103,20.10957792207792,10.592532467532468,0
333,2.3227207227186724,10.28814935064935,20.10957792207792,10.6737012987013,1
334,2.3160771116033776,11.018668831168831,20.10957792207792,10.998376623376624,1
335,2.308998820069548,14.285714285714286,20.10957792207792,15.016233766233766,1
336,2.301526168724159,17.958603896103895,20.10957792207792,18.648538961038962,1
337,2.296144151068353,16.051136363636363,20.10957792207792,16.6599025974026,0
338,2.286980879771245,17.248376623376622,20.10957792207792,18.38474025974026,0
339,2.274505144589907,16.9237012987013,20.10957792207792,17.55275974025974,1
340,2.253945660281491,16.416396103896105,20.10957792207792,17.065746753246753,1
341,2.225992509296962,18.83116883116883,20.10957792207792,19.338474025974026,1
342,2.193401698942308,18.851461038961038,20.10957792207792,19.602272727272727,1
343,2.173915810399241,18.323863636363637,20.10957792207792,17.91801948051948,1
344,2.752534720804784,11.749188311688311,20.10957792207792,11.728896103896103,1
345,2.991833126390135,12.702922077922079,20.10957792207792,11.931818181818182,1
346,2.4288696902138844,9.618506493506494,20.10957792207792,10.105519480519481,1
347,2.3867211558602075,9.618506493506494,20.10957792207792,10.105519480519481,1
348,2.360200631154048,9.618506493506494,20.10957792207792,10.105519480519481,1
349,2.342930710160887,9.618506493506494,20.10957792207792,10.105519480519481,1
350,2.3302502012872077,9.618506493506494,20.10957792207792,10.105519480519481,1
351,2.3210463338084035,9.618506493506494,20.10957792207792,10.105519480519481,0
352,2.3144734710841983,9.618506493506494,20.10957792207792,10.044642857142858,0
353,2.309223543513905,9.537337662337663,20.10957792207792,10.004058441558442,0
354,2.3067715663414496,9.598214285714286,20.10957792207792,10.085227272727273,1
355,2.3048171997070312,10.186688311688311,20.10957792207792,10.470779220779221,1
356,2.302784551273693,13.169642857142858,20.10957792207792,13.616071428571429,0
357,2.300924524084314,13.04788961038961,20.10957792207792,14.204545454545455,1
358,2.2977783648998704,13.534902597402597,20.10957792207792,13.372564935064934,0
359,2.2958504472460066,13.51461038961039,20.10957792207792,13.51461038961039,1
360,2.2932472724419135,13.494318181818182,20.10957792207792,13.453733766233766,1
361,2.2898948842828926,13.616071428571429,20.10957792207792,13.96103896103896,1
362,2.285285825853224,12.175324675324676,20.10957792207792,12.195616883116884,0
363,2.279038580981168,13.250811688311689,20.10957792207792,13.311688311688311,1
364,2.2683913893513865,12.784090909090908,20.10957792207792,13.007305194805195,1
365,2.2518536115621592,13.007305194805195,20.10957792207792,13.41314935064935,1
366,2.2391948730914626,12.439123376623376,20.10957792207792,11.85064935064935,0
367,2.2421672220353956,15.097402597402597,20.10957792207792,16.11201298701299,1
368,2.585335384715687,11.789772727272727,20.10957792207792,11.911525974025974,1
369,2.4482531392729125,9.618506493506494,20.10957792207792,10.105519480519481,1
370,2.403800769285722,9.618506493506494,20.10957792207792,10.105519480519481,1
371,2.3767420068963783,9.618506493506494,20.10957792207792,10.105519480519481,0
372,2.351812693979833,9.618506493506494,20.10957792207792,10.105519480519481,0
373,2.338628895871051,9.618506493506494,20.10957792207792,10.105519480519481,1
374,2.32509606844419,9.618506493506494,20.10957792207792,10.105519480519481,0
375,2.317729665087415,9.618506493506494,20.10957792207792,10.105519480519481,1
376,2.312782615810246,9.618506493506494,20.10957792207792,10.105519480519481,1
377,2.3101642348549585,9.618506493506494,20.10957792207792,10.105519480519481,0
378,2.30661095272411,9.618506493506494,20.10957792207792,10.105519480519481,0
379,2.3053376922359714,9.6387987012987,20.10957792207792,10.105519480519481,1
380,2.3045665072156236,9.6387987012987,20.10957792207792,10.105519480519481,1
381,2.3047290622413934,9.577922077922079,20.10957792207792,10.02435064935065,0
382,2.3036585813992985,8.664772727272727,20.10957792207792,8.82711038961039,0
383,2.3032666769894687,9.618506493506494,20.10957792207792,10.02435064935065,1
384,2.303050679045838,9.6387987012987,20.10957792207792,9.983766233766234,1
385,2.3026671781168355,8.400974025974026,20.10957792207792,8.948863636363637,1
386,2.3020254450959046,10.064935064935066,20.10957792207792,9.618506493506494,1
387,2.300635278999031,10.531655844155845,20.10957792207792,10.75487012987013,1
388,2.2994109067049893,10.714285714285714,20.10957792207792,10.896915584415584,1
389,2.3005452032213087,10.227272727272727,20.10957792207792,9.496753246753247,1
390,2.2970220980706153,10.430194805194805,20.10957792207792,9.537337662337663,1
391,2.2960473995704156,10.551948051948052,20.10957792207792,10.653409090909092,1
392,2.2910891508127187,8.867694805194805,20.10957792207792,9.719967532467532,1
393,2.3004711943787415,9.882305194805195,20.10957792207792,9.659090909090908,1
394,2.2955371064025085,10.02435064935065,20.10957792207792,9.232954545454545,1
395,2.2877244856450463,9.719967532467532,20.10957792207792,9.375,0
396,2.2748819450279334,10.247564935064934,20.10957792207792,10.02435064935065,1
397,2.271256951542644,9.659090909090908,20.10957792207792,9.537337662337663,1
398,2.271507281761665,14.224837662337663,20.10957792207792,13.981331168831169,1
399,2.320285939551019,15.787337662337663,20.10957792207792,15.8887987012987,1
400,2.305589685192356,12.297077922077921,20.10957792207792,12.155032467532468,1
401,2.2325349937785757,14.16396103896104,20.10957792207792,14.935064935064934,0
402,2.274343444155408,13.676948051948052,20.10957792207792,13.595779220779221,1
403,2.3663267129427425,14.16396103896104,20.10957792207792,15.462662337662337,1
404,2.331949060613459,11.444805194805195,20.10957792207792,11.505681818181818,1
405,2.3207433347578172,9.618506493506494,20.10957792207792,10.105519480519481,1
406,2.311781747000558,9.618506493506494,20.10957792207792,10.044642857142858,1
407,2.304784845996213,9.253246753246753,20.10957792207792,9.862012987012987,1
408,2.2987285434425653,8.624188311688311,20.10957792207792,8.948863636363637,0
409,2.2867696842589935,9.598214285714286,20.10957792207792,9.943181818181818,1
410,2.2692961507029348,9.435876623376624,20.10957792207792,9.415584415584416,1
411,2.250547746559242,9.659090909090908,20.10957792207792,10.227272727272727,1
412,2.22939361844744,14.691558441558442,20.10957792207792,14.955357142857142,1
413,2.2898631064922776,13.230519480519481,20.10957792207792,13.676948051948052,1
414,2.404950612551206,12.621753246753247,20.10957792207792,12.885551948051948,1
415,2.3231659399998654,10.247564935064934,20.10957792207792,10.166396103896103,1
416,2.3150006950675666,10.186688311688311,20.10957792207792,10.085227272727273,1
417,2.309383280865558,10.186688311688311,20.10957792207792,10.064935064935066,1
418,2.3063462461744035,10.38961038961039,20.10957792207792,10.876623376623376,1
419,2.304983426998188,8.72564935064935,20.10957792207792,9.151785714285714,1
420,2.3037466507453424,9.862012987012987,20.10957792207792,10.227272727272727,1
421,2.3037182665490485,9.902597402597403,20.10957792207792,10.369318181818182,0
422,2.302228723253523,10.28814935064935,20.10957792207792,10.734577922077921,1
423,2.3012108090636016,13.04788961038961,20.10957792207792,13.027597402597403,0
424,2.300015892301287,17.146915584415584,20.10957792207792,18.039772727272727,0
425,2.2968557314439253,12.987012987012987,20.10957792207792,13.474025974025974,1
426,2.2927768416218943,13.352272727272727,20.10957792207792,13.818993506493506,1
427,2.288411137345549,14.508928571428571,20.10957792207792,14.752435064935066,0
428,2.278452600751604,14.874188311688311,20.10957792207792,15.036525974025974,1
429,2.2643295449095886,15.625,20.10957792207792,15.706168831168831,1
430,2.2410242743306346,15.868506493506494,20.10957792207792,15.8887987012987,1
431,2.1989562913968967,18.770292207792206,20.10957792207792,18.729707792207794,1
432,2.151483244710154,17.67451298701299,20.10957792207792,17.126623376623378,1
433,2.460371070093923,16.17288961038961,20.10957792207792,16.761363636363637,1
434,4.34735047662413,9.598214285714286,20.10957792207792,10.085227272727273,1
435,2.7802662106303426,9.882305194805195,20.10957792207792,10.409902597402597,1
436,2.6223360687107236,9.862012987012987,20.10957792207792,10.409902597402597,1
437,2.5376253623466987,9.719967532467532,20.10957792207792,9.537337662337663,1
438,2.4791259146355964,9.862012987012987,20.10957792207792,10.409902597402597,1
439,2.435308567889325,9.760551948051948,20.10957792207792,9.55762987012987,1
440,2.4030310736074076,9.760551948051948,20.10957792207792,9.55762987012987,1
441,2.38188555643156,9.760551948051948,20.10957792207792,9.55762987012987,1
442,2.3632538999829973,9.618506493506494,20.10957792207792,10.105519480519481,1
443,2.345728957807863,9.760551948051948,20.10957792207792,9.55762987012987,1
444,2.3336084136715183,9.760551948051948,20.10957792207792,9.55762987012987,1
445,2.3255036744204434,9.618506493506494,20.10957792207792,10.105519480519481,1
446,2.3208909777851847,9.760551948051948,20.10957792207792,9.55762987012987,0
447,2.313820436403349,9.618506493506494,20.10957792207792,10.105519480519481,0
448,2.3101186907136597,9.659090909090908,20.10957792207792,10.125811688311689,1
449,2.307032650167292,10.551948051948052,20.10957792207792,10.349025974025974,0
450,2.307447405604573,11.2012987012987,20.10957792207792,11.465097402597403,0
451,2.3026735999367456,11.85064935064935,20.10957792207792,11.911525974025974,0
452,2.3003543321188396,13.04788961038961,20.10957792207792,12.702922077922079,0
453,2.2999706020602932,14.914772727272727,20.10957792207792,14.813311688311689,1
454,2.294230550914616,14.894480519480519,20.10957792207792,14.97564935064935,1
455,2.2893315909744856,9.902597402597403,20.10957792207792,9.212662337662337,1
456,2.2867563359149092,9.862012987012987,20.10957792207792,9.212662337662337,0
457,2.281253313089346,10.28814935064935,20.10957792207792,9.253246753246753,1
458,2.2782688357613305,11.099837662337663,20.10957792207792,10.38961038961039,0
459,2.288453068052019,9.841720779220779,20.10957792207792,9.030032467532468,0
460,2.2928223269326344,11.444805194805195,20.10957792207792,11.241883116883116,1
461,2.2661849275811927,10.369318181818182,20.10957792207792,9.6387987012987,1
462,2.2539848104699867,16.213474025974026,20.10957792207792,15.401785714285714,1
463,2.2529406733327098,15.584415584415584,20.10957792207792,14.16396103896104,1
464,2.259852811887667,15.969967532467532,20.10957792207792,16.45698051948052,1
465,2.428917810514376,14.0625,20.10957792207792,13.169642857142858,0
466,2.387183254415339,9.74025974025974,20.10957792207792,10.085227272727273,1
467,2.370389576082106,8.705357142857142,20.10957792207792,9.27353896103896,1
468,2.35406764141925,8.82711038961039,20.10957792207792,9.679383116883116,1
469,2.344658557470743,9.253246753246753,20.10957792207792,9.699675324675324,1
470,2.3315971145382175,9.841720779220779,20.10957792207792,10.28814935064935,1
471,2.3254291515845757,8.380681818181818,20.10957792207792,9.415584415584416,1
472,2.3189192840031216,9.090909090909092,20.10957792207792,9.74025974025974,1
473,2.312055863343276,9.618506493506494,20.10957792207792,10.105519480519481,1
474,2.3091580093681037,9.618506493506494,20.10957792207792,10.105519480519481,1
475,2.306619672032146,9.456168831168831,20.10957792207792,10.02435064935065,1
476,2.3049586995855553,11.079545454545455,20.10957792207792,11.85064935064935,1
477,2.2991420974979153,10.064935064935066,20.10957792207792,11.2012987012987,1
478,2.294722566356907,11.566558441558442,20.10957792207792,12.418831168831169,1
479,2.292914291480919,14.468344155844155,20.10957792207792,15.158279220779221,1
480,2.2781605132214433,12.844967532467532,20.10957792207792,12.39853896103896,1
481,2.262105204842307,16.477272727272727,20.10957792207792,16.335227272727273,1
482,2.2493997456191424,13.129058441558442,20.10957792207792,12.743506493506494,0
483,2.236170784219519,16.497564935064936,20.10957792207792,16.37581168831169,1
484,2.2211121336206214,17.431006493506494,20.10957792207792,18.405032467532468,1
485,2.3464099308113,16.1525974025974,20.10957792207792,15.929383116883116,1
486,2.365726192276199,9.74025974025974,20.10957792207792,10.125811688311689,1
487,2.3414160771803423,8.928571428571429,20.10957792207792,9.902597402597403,1
488,2.341485887378841,8.583603896103897,20.10957792207792,8.644480519480519,1
489,2.320568220955985,9.862012987012987,20.10957792207792,10.146103896103897,1
490,2.3079962730407715,10.75487012987013,20.10957792207792,10.734577922077921,0
491,2.2977068764822826,15.584415584415584,20.10957792207792,16.213474025974026,1
492,2.27282892264329,14.671266233766234,20.10957792207792,15.137987012987013,1
493,2.5146889686584473,9.902597402597403,20.10957792207792,10.430194805194805,1
494,2.3551506717483717,9.780844155844155,20.10957792207792,10.085227272727273,1
495,2.331788428418048,9.801136363636363,20.10957792207792,10.125811688311689,1
496,2.3192329778299703,9.55762987012987,20.10957792207792,10.085227272727273,0
497,2.324567955809754,9.679383116883116,20.10957792207792,10.105519480519481,1
498,2.3099444376957883,10.349025974025974,20.10957792207792,10.75487012987013,1
499,2.3070830927266703,9.537337662337663,20.10957792207792,10.064935064935066,1
500,2.304917558447107,10.267857142857142,20.10957792207792,10.470779220779221,0
501,2.3045313729868306,10.653409090909092,20.10957792207792,10.592532467532468,0
502,2.303922092759764,9.983766233766234,20.10957792207792,10.28814935064935,1
503,2.3034337681609314,10.491071428571429,20.10957792207792,10.409902597402597,1
504,2.303232719371845,10.511363636363637,20.10957792207792,10.267857142857142,0
505,2.3295707733600173,6.9602272727272725,20.10957792207792,7.690746753246753,1
506,2.3044443409164233,10.166396103896103,20.10957792207792,10.38961038961039,1
507,2.3031531247225674,10.166396103896103,20.10957792207792,10.247564935064934,1
508,2.305140817320192,10.125811688311689,20.10957792207792,9.902597402597403,0
509,2.305486756485778,9.618506493506494,20.10957792207792,10.105519480519481,1
510,2.3012289443573395,10.653409090909092,20.10957792207792,10.9375,1
511,2.3146673487378404,7.62987012987013,20.10957792207792,8.096590909090908,1
512,2.3040785263111063,9.862012987012987,20.10957792207792,10.409902597402597,1
513,2.3013787641153707,10.38961038961039,20.10957792207792,10.369318181818182,1
514,2.298575645917422,7.142857142857143,20.10957792207792,7.122564935064935,0
515,2.2956698436241645,14.732142857142858,20.10957792207792,14.874188311688311,0
516,2.2884289784864946,16.254058441558442,20.10957792207792,16.051136363636363,1
517,2.28308899990924,11.12012987012987,20.10957792207792,11.12012987012987,0
518,2.2680354366054782,16.497564935064936,20.10957792207792,15.929383116883116,1
519,2.247146612638003,16.17288961038961,20.10957792207792,16.213474025974026,1
520,2.2307840508299988,16.619318181818183,20.10957792207792,16.943993506493506,1
521,2.4489896761906613,15.44237012987013,20.10957792207792,15.016233766233766,1
522,2.4196069519241137,12.439123376623376,20.10957792207792,13.14935064935065,0
523,2.2875783195743313,16.63961038961039,20.10957792207792,16.98457792207792,1
524,2.2115774619114865,17.1875,20.10957792207792,17.775974025974026,1
525,2.7368231222227024,10.166396103896103,20.10957792207792,9.659090909090908,1
526,2.570004048285546,9.801136363636363,20.10957792207792,10.085227272727273,1
527,2.47663528578622,8.928571428571429,20.10957792207792,9.760551948051948,1
528,2.420030473114608,9.74025974025974,20.10957792207792,10.125811688311689,1
529,2.381085522763141,9.618506493506494,20.10957792207792,10.105519480519481,1
530,2.356795577259807,9.618506493506494,20.10957792207792,10.105519480519481,1
531,2.3389052044261587,9.760551948051948,20.10957792207792,10.105519480519481,1
532,2.3273111504393738,9.74025974025974,20.10957792207792,10.105519480519481,0
533,2.320026766170155,9.862012987012987,20.10957792207792,10.409902597402597,0
534,2.310949703315636,9.760551948051948,20.10957792207792,9.55762987012987,0
535,2.308607395593222,9.760551948051948,20.10957792207792,9.55762987012987,1
536,2.3064619008596843,9.760551948051948,20.10957792207792,9.55762987012987,1
537,2.306587058228332,9.862012987012987,20.10957792207792,10.409902597402597,0
538,2.3042608236337636,9.760551948051948,20.10957792207792,9.55762987012987,0
539,2.3040613137282335,9.760551948051948,20.10957792207792,9.55762987012987,1
540,2.3037965204808617,9.760551948051948,20.10957792207792,9.55762987012987,1
541,2.3048596846592893,9.862012987012987,20.10957792207792,10.409902597402597,0
542,2.3036129041151567,9.760551948051948,20.10957792207792,9.55762987012987,0
543,2.303569710099852,9.760551948051948,20.10957792207792,9.55762987012987,1
544,2.304107003397756,9.862012987012987,20.10957792207792,10.409902597402597,0
545,2.3036867643331553,9.598214285714286,20.10957792207792,10.105519480519481,1
546,2.3036406009228196,9.618506493506494,20.10957792207792,10.105519480519481,1
547,2.3038298247696516,9.618506493506494,20.10957792207792,10.105519480519481,1
548,2.3037089713208085,9.618506493506494,20.10957792207792,10.105519480519481,1
549,2.303722245352609,9.618506493506494,20.10957792207792,10.105519480519481,1
550,2.303673536746533,9.618506493506494,20.10957792207792,10.105519480519481,1
551,2.3036560950341163,9.618506493506494,20.10957792207792,10.105519480519481,1
552,2.303592861472786,9.618506493506494,20.10957792207792,10.105519480519481,1
553,2.3037081415003,9.618506493506494,20.10957792207792,10.105519480519481,1
554,2.3037547383989607,9.618506493506494,20.10957792207792,10.105519480519481,1
555,2.3037074634007046,9.618506493506494,20.10957792207792,10.105519480519481,1
556,2.303638405614085,9.618506493506494,20.10957792207792,10.105519480519481,1
557,2.3037354574575053,9.618506493506494,20.10957792207792,10.105519480519481,1
558,2.303606590667328,10.38961038961039,20.10957792207792,9.598214285714286,0
559,2.3037410030117282,9.618506493506494,20.10957792207792,10.105519480519481,0
560,2.3034511665245154,9.618506493506494,20.10957792207792,10.105519480519481,1
561,2.303740541656296,9.618506493506494,20.10957792207792,10.105519480519481,1
562,2.3037399378689853,10.38961038961039,20.10957792207792,9.598214285714286,0
563,2.303881889813906,9.618506493506494,20.10957792207792,10.105519480519481,0
564,2.303478835465072,9.618506493506494,20.10957792207792,10.105519480519481,1
565,2.304415764746728,10.28814935064935,20.10957792207792,9.659090909090908,0
566,2.304106764979177,10.28814935064935,20.10957792207792,9.659090909090908,1
567,2.304087425207163,9.74025974025974,20.10957792207792,10.105519480519481,1
568,2.3039011831407423,9.780844155844155,20.10957792207792,10.125811688311689,1
569,2.303656547100513,9.618506493506494,20.10957792207792,10.105519480519481,1
570,2.3035232587294145,9.801136363636363,20.10957792207792,9.577922077922079,0
571,2.30378583808998,9.618506493506494,20.10957792207792,10.105519480519481,0
572,2.3034893073044813,9.618506493506494,20.10957792207792,10.105519480519481,1
573,2.3037523015753014,9.618506493506494,20.10957792207792,10.105519480519481,1
574,2.303763182132275,10.38961038961039,20.10957792207792,9.598214285714286,0
575,2.3039180551256453,9.618506493506494,20.10957792207792,10.105519480519481,0
576,2.303491552154739,9.618506493506494,20.10957792207792,10.105519480519481,1
577,2.304534069903485,9.862012987012987,20.10957792207792,10.409902597402597,0
578,2.3034590188559,9.760551948051948,20.10957792207792,9.55762987012987,0
579,2.3033801549440853,9.760551948051948,20.10957792207792,9.55762987012987,1
580,2.303416546289023,9.760551948051948,20.10957792207792,9.55762987012987,1
581,2.304889994782287,9.862012987012987,20.10957792207792,10.409902597402597,0
582,2.3035700847576193,9.760551948051948,20.10957792207792,9.55762987012987,0
583,2.3034740949605967,9.760551948051948,20.10957792207792,9.55762987012987,1
584,2.3034786930331936,9.760551948051948,20.10957792207792,9.55762987012987,1
585,2.3049788908524946,9.862012987012987,20.10957792207792,10.409902597402597,0
586,2.303600654973612,9.760551948051948,20.10957792207792,9.55762987012987,0
587,2.3038456439971924,9.963474025974026,20.10957792207792,9.496753246753247,0
588,2.303635070850323,9.618506493506494,20.10957792207792,10.105519480519481,1
589,2.3051211586246243,9.862012987012987,20.10957792207792,10.409902597402597,0
590,2.3035943229477125,9.760551948051948,20.10957792207792,9.55762987012987,0
591,2.30403150211681,9.963474025974026,20.10957792207792,9.496753246753247,0
592,2.3037120243171594,9.618506493506494,20.10957792207792,10.105519480519481,1
593,2.3036817451576135,9.618506493506494,20.10957792207792,10.105519480519481,1
594,2.303694756000073,10.38961038961039,20.10957792207792,9.598214285714286,0
595,2.30325427612701,9.760551948051948,20.10957792207792,9.55762987012987,1
596,2.303262369973319,9.760551948051948,20.10957792207792,9.55762987012987,1
597,2.3036189017357764,9.618506493506494,20.10957792207792,10.105519480519481,1
598,2.3039041680174988,10.38961038961039,20.10957792207792,9.598214285714286,0
599,2.303287091193261,9.760551948051948,20.10957792207792,9.55762987012987,1
600,2.304035388030015,9.862012987012987,20.10957792207792,10.409902597402597,0
601,2.3052479106110413,9.862012987012987,20.10957792207792,10.409902597402597,0
602,2.304536435511205,9.862012987012987,20.10957792207792,10.409902597402597,1
603,2.304888474476802,9.618506493506494,20.10957792207792,10.105519480519481,0
604,2.304224611876847,9.618506493506494,20.10957792207792,10.105519480519481,1
605,2.3058290481567383,9.862012987012987,20.10957792207792,10.409902597402597,0
606,2.3035661400138556,9.760551948051948,20.10957792207792,9.55762987012987,0
607,2.3041446642442183,9.618506493506494,20.10957792207792,10.105519480519481,0
608,2.303744464725643,9.618506493506494,20.10957792207792,10.105519480519481,1
609,2.3035704965715285,9.618506493506494,20.10957792207792,10.105519480519481,1
610,2.3036216698683702,9.618506493506494,20.10957792207792,10.105519480519481,1
611,2.3052088099640686,6.98051948051948,20.10957792207792,7.528409090909091,1
612,2.304065617648038,6.6558441558441555,20.10957792207792,7.345779220779221,1
613,2.304291078022548,9.537337662337663,20.10957792207792,9.801136363636363,1
614,2.300805534635271,8.685064935064934,20.10957792207792,9.00974025974026,1
615,2.291159639110813,8.198051948051948,20.10957792207792,9.131493506493506,1
616,2.286960273594051,8.441558441558442,20.10957792207792,9.1112012987013,1
617,2.683403408372557,9.74025974025974,20.10957792207792,10.125811688311689,1
618,2.462117027926755,9.618506493506494,20.10957792207792,10.105519480519481,1
619,2.4061914233418253,9.618506493506494,20.10957792207792,10.105519480519481,1
620,2.3703133781234937,9.618506493506494,20.10957792207792,10.105519480519481,1
621,2.345862589873277,9.618506493506494,20.10957792207792,10.105519480519481,1
622,2.3261116572788785,9.618506493506494,20.10957792207792,10.105519480519481,1
623,2.312679399143566,9.618506493506494,20.10957792207792,10.105519480519481,1
624,2.306944317631907,9.618506493506494,20.10957792207792,10.105519480519481,1
625,2.3055764792801496,9.618506493506494,20.10957792207792,10.105519480519481,1
626,2.303998491980813,9.618506493506494,20.10957792207792,10.105519480519481,1
627,2.3032691602583055,9.618506493506494,20.10957792207792,10.105519480519481,1
628,2.3044196320818617,9.862012987012987,20.10957792207792,10.409902597402597,0
629,2.3037765273800144,9.618506493506494,20.10957792207792,10.105519480519481,1
630,2.3035107990363977,10.38961038961039,20.10957792207792,9.598214285714286,0
631,2.3027900256119764,9.760551948051948,20.10957792207792,9.55762987012987,1
632,2.3025726188312876,9.760551948051948,20.10957792207792,9.55762987012987,1
633,2.3027403045010257,9.618506493506494,20.10957792207792,10.105519480519481,1
634,2.3027674191957943,10.511363636363637,20.10957792207792,9.679383116883116,0
635,2.3024455603066976,9.760551948051948,20.10957792207792,9.55762987012987,1
636,2.302012703635476,9.760551948051948,20.10957792207792,9.55762987012987,1
637,2.301832997953737,9.618506493506494,20.10957792207792,10.105519480519481,1
638,2.301619514242395,9.598214285714286,20.10957792207792,10.105519480519481,1
639,2.3012203581921464,9.780844155844155,20.10957792207792,10.328733766233766,1
640,2.301189020082548,13.859577922077921,20.10957792207792,13.940746753246753,1
641,2.300334986154135,9.618506493506494,20.10957792207792,10.105519480519481,1
642,2.2997997023842554,12.621753246753247,20.10957792207792,12.13474025974026,0
643,2.298740089713753,9.760551948051948,20.10957792207792,9.55762987012987,1
644,2.299994267426528,12.053571428571429,20.10957792207792,12.155032467532468,0
645,2.2973739946043334,14.0625,20.10957792207792,15.056818181818182,1
646,2.294350955393407,13.616071428571429,20.10957792207792,14.407467532467532,1
647,2.2910537719726562,14.569805194805195,20.10957792207792,15.198863636363637,1
648,2.2899532968347724,10.653409090909092,20.10957792207792,11.363636363636363,1
649,2.2972703475456733,10.38961038961039,20.10957792207792,10.653409090909092,1
650,2.3067547903432475,10.02435064935065,20.10957792207792,10.531655844155845,1
651,2.325152635574341,9.963474025974026,20.10957792207792,9.496753246753247,1
652,2.30862866129194,9.74025974025974,20.10957792207792,10.125811688311689,1
653,2.302446981529137,9.821428571428571,20.10957792207792,10.227272727272727,1
654,2.293019235908211,13.027597402597403,20.10957792207792,12.804383116883116,0
655,2.2765302286519633,11.789772727272727,20.10957792207792,11.627435064935066,1
656,2.277306844661762,11.323051948051948,20.10957792207792,11.728896103896103,1
657,2.318618666041981,9.92288961038961,20.10957792207792,9.435876623376624,1
658,2.274876250849142,13.7987012987013,20.10957792207792,13.088474025974026,0
659,2.2948101309986857,9.659090909090908,20.10957792207792,10.409902597402597,0
660,2.355102740324937,9.963474025974026,20.10957792207792,9.496753246753247,1
661,2.321688785181417,9.963474025974026,20.10957792207792,9.496753246753247,1
662,2.3110712905982873,9.577922077922079,20.10957792207792,9.577922077922079,0
663,2.306775938380848,9.963474025974026,20.10957792207792,9.496753246753247,0
664,2.305296839057625,10.02435064935065,20.10957792207792,9.517045454545455,0
665,2.3038223532887248,9.618506493506494,20.10957792207792,10.105519480519481,1
666,2.3031500593408363,9.598214285714286,20.10957792207792,10.105519480519481,1
667,2.302334992916553,11.444805194805195,20.10957792207792,11.911525974025974,1
668,2.3007571139892975,11.891233766233766,20.10957792207792,11.383928571428571,1
669,2.301379919052124,9.862012987012987,20.10957792207792,10.409902597402597,0
670,2.2964222678890476,15.868506493506494,20.10957792207792,16.558441558441558,1
671,2.289846962148493,13.51461038961039,20.10957792207792,13.737824675324676,1
672,2.2759180719202217,14.914772727272727,20.10957792207792,15.056818181818182,1
673,2.267826334222571,14.874188311688311,20.10957792207792,15.25974025974026,0
674,2.244491840337778,16.477272727272727,20.10957792207792,16.599025974025974,1
675,2.2924006109113817,14.853896103896103,20.10957792207792,15.340909090909092,1
676,2.41800264569072,10.004058441558442,20.10957792207792,10.28814935064935,1
677,2.3395572699509657,9.618506493506494,20.10957792207792,10.105519480519481,1
678,2.3161554770036177,10.38961038961039,20.10957792207792,9.598214285714286,0
679,2.306061741593596,8.948863636363637,20.10957792207792,9.618506493506494,1
680,2.303514697334983,10.247564935064934,20.10957792207792,10.166396103896103,0
681,2.301488009366122,9.618506493506494,20.10957792207792,10.105519480519481,1
682,2.3005993830693234,13.940746753246753,20.10957792207792,13.14935064935065,0
683,2.2944543113956204,10.491071428571429,20.10957792207792,11.03896103896104,1
684,2.2907558911806576,10.206980519480519,20.10957792207792,10.166396103896103,0
685,2.2774818067426805,15.25974025974026,20.10957792207792,14.71185064935065,0
686,2.2442021586678247,15.909090909090908,20.10957792207792,16.294642857142858,1
687,2.212464787743308,16.132305194805195,20.10957792207792,16.862824675324674,1
688,2.3106090836710744,11.992694805194805,20.10957792207792,13.169642857142858,0
689,2.3425292411407868,15.300324675324676,20.10957792207792,15.300324675324676,1
690,2.3918255242434414,8.218344155844155,20.10957792207792,9.070616883116884,1
691,2.319726203943228,8.319805194805195,20.10957792207792,9.253246753246753,1
692,2.2873597733386153,11.58685064935065,20.10957792207792,12.581168831168831,0
693,2.276164222073245,10.450487012987013,20.10957792207792,11.262175324675324,1
694,2.2850581330138366,13.595779220779221,20.10957792207792,14.204545454545455,1
695,2.2748029820330733,14.468344155844155,20.10957792207792,15.239448051948052,1
696,2.3092188215875007,14.833603896103897,20.10957792207792,15.848214285714286,1
697,2.2522565451535312,15.8887987012987,20.10957792207792,14.955357142857142,0
698,2.2387828641123586,16.294642857142858,20.10957792207792,16.82224025974026,1
699,2.2758084427226675,13.575487012987013,20.10957792207792,14.184253246753247,1
700,2.2703866308385674,14.0625,20.10957792207792,14.529220779220779,0
701,2.3443501305270504,13.737824675324676,20.10957792207792,13.616071428571429,1
702,2.272144336205024,14.387175324675324,20.10957792207792,15.503246753246753,1
703,2.2200369556228834,16.254058441558442,20.10957792207792,16.801948051948052,1
704,2.1956390901045366,17.73538961038961,20.10957792207792,17.836850649350648,1
705,2.200373668175239,15.685876623376624,20.10957792207792,15.300324675324676,0
706,2.3529429126095462,12.86525974025974,20.10957792207792,13.331980519480519,1
707,2.4831032319502397,10.247564935064934,20.10957792207792,10.166396103896103,1
708,2.4001412484552955,10.247564935064934,20.10957792207792,10.166396103896103,1
709,2.334890836245054,15.137987012987013,20.10957792207792,15.036525974025974,1
710,2.29438456622037,14.24512987012987,20.10957792207792,13.69724025974026,0
711,2.309824163263494,15.564123376623376,20.10957792207792,15.746753246753247,1
712,2.2060570685894456,14.366883116883116,20.10957792207792,15.625,0
713,2.208406875659893,16.517857142857142,20.10957792207792,17.37012987012987,1
714,2.1789599951211507,15.320616883116884,20.10957792207792,16.294642857142858,1
715,2.380099782696018,17.99918831168831,20.10957792207792,18.01948051948052,1
716,2.4594345866859735,9.841720779220779,20.10957792207792,10.186688311688311,1
717,2.3748135938272847,9.618506493506494,20.10957792207792,10.105519480519481,1
718,2.337318401832085,9.618506493506494,20.10957792207792,10.125811688311689,1
719,2.3135175983627123,10.146103896103897,20.10957792207792,10.551948051948052,1
720,2.2928657562701735,9.862012987012987,20.10957792207792,10.409902597402597,0
721,2.282432983447979,9.862012987012987,20.10957792207792,10.409902597402597,0
722,2.30161384793071,11.525974025974026,20.10957792207792,11.262175324675324,1
723,2.217240386194997,13.494318181818182,20.10957792207792,13.291396103896103,0
724,2.2707291578317617,12.215909090909092,20.10957792207792,12.357954545454545,1
725,2.8104278576838504,12.621753246753247,20.10957792207792,12.581168831168831,1
726,2.981094320099075,9.618506493506494,20.10957792207792,10.105519480519481,1
727,2.724331508983265,9.74025974025974,20.10957792207792,10.125811688311689,1
728,2.588867933719189,9.74025974025974,20.10957792207792,10.125811688311689,0
729,2.500255804557305,9.618506493506494,20.10957792207792,10.105519480519481,1
730,2.4252295246371975,10.38961038961039,20.10957792207792,9.598214285714286,0
731,2.378363884888686,9.760551948051948,20.10957792207792,9.55762987012987,1
732,2.3453293311131467,9.862012987012987,20.10957792207792,10.409902597402597,0
733,2.3237124046722015,9.618506493506494,20.10957792207792,10.105519480519481,1
734,2.309483460017613,10.38961038961039,20.10957792207792,9.598214285714286,0
735,2.3071230417722233,9.618506493506494,20.10957792207792,10.105519480519481,0
736,2.3044299676820827,9.618506493506494,20.10957792207792,10.105519480519481,1
737,2.304327779002004,9.618506493506494,20.10957792207792,10.105519480519481,1
738,2.3042049562776246,10.38961038961039,20.10957792207792,9.598214285714286,0
739,2.303264398079414,9.760551948051948,20.10957792207792,9.55762987012987,1
740,2.303522472257738,9.760551948051948,20.10957792207792,9.55762987012987,1
741,2.305920836213347,9.862012987012987,20.10957792207792,10.409902597402597,0
742,2.3046892153752316,10.28814935064935,20.10957792207792,9.659090909090908,1
743,2.3041420602179192,9.74025974025974,20.10957792207792,10.125811688311689,1
744,2.303887735713612,9.74025974025974,20.10957792207792,10.125811688311689,1
745,2.3040490552976536,9.618506493506494,20.10957792207792,10.105519480519481,1
746,2.304308761249889,10.38961038961039,20.10957792207792,9.598214285714286,0
747,2.303262605295553,9.760551948051948,20.10957792207792,9.55762987012987,1
748,2.3036235338681705,9.760551948051948,20.10957792207792,9.55762987012987,1
749,2.303827932902745,9.618506493506494,20.10957792207792,10.105519480519481,1
750,2.3044465424178484,10.38961038961039,20.10957792207792,9.598214285714286,0
751,2.303288475259558,9.760551948051948,20.10957792207792,9.55762987012987,1
752,2.303632878637933,9.760551948051948,20.10957792207792,9.55762987012987,1
753,2.3039411693424374,9.618506493506494,20.10957792207792,10.105519480519481,1
754,2.3045499324798584,10.38961038961039,20.10957792207792,9.598214285714286,0
755,2.3034781202093346,9.760551948051948,20.10957792207792,9.55762987012987,1
756,2.3051826024984385,9.862012987012987,20.10957792207792,10.409902597402597,0
757,2.3044229885200402,9.618506493506494,20.10957792207792,10.105519480519481,1
758,2.304535094793741,10.38961038961039,20.10957792207792,9.598214285714286,0
759,2.3036059466275303,9.760551948051948,20.10957792207792,9.55762987012987,1
760,2.3053986128274495,9.862012987012987,20.10957792207792,10.409902597402597,0
761,2.304256117189085,9.618506493506494,20.10957792207792,10.105519480519481,1
762,2.3044681270401197,10.38961038961039,20.10957792207792,9.598214285714286,0
763,2.303492391264284,9.760551948051948,20.10957792207792,9.55762987012987,1
764,2.305380951274525,9.862012987012987,20.10957792207792,10.409902597402597,0
765,2.3046719006129672,9.618506493506494,20.10957792207792,10.105519480519481,1
766,2.3040104376805295,9.618506493506494,20.10957792207792,10.105519480519481,1
767,2.303809605635606,9.74025974025974,20.10957792207792,10.125811688311689,1
768,2.3057971279342455,9.862012987012987,20.10957792207792,10.409902597402597,0
769,2.3043276148957093,9.618506493506494,20.10957792207792,10.105519480519481,1
770,2.3039388904323825,9.618506493506494,20.10957792207792,10.105519480519481,1
771,2.3038306979389933,9.74025974025974,20.10957792207792,10.125811688311689,1
772,2.305842216912802,9.862012987012987,20.10957792207792,10.409902597402597,0
773,2.304884520444003,9.618506493506494,20.10957792207792,10.105519480519481,1
774,2.3040651934487477,9.618506493506494,20.10957792207792,10.105519480519481,1
775,2.3038311035602126,9.74025974025974,20.10957792207792,10.125811688311689,1
776,2.3059018401356486,9.862012987012987,20.10957792207792,10.409902597402597,0
777,2.3043472673985863,9.618506493506494,20.10957792207792,10.105519480519481,1
778,2.3039454608768613,9.618506493506494,20.10957792207792,10.105519480519481,1
779,2.303851486800553,9.74025974025974,20.10957792207792,10.125811688311689,1
780,2.3059452044499387,9.862012987012987,20.10957792207792,10.409902597402597,0
781,2.3043473850597036,9.618506493506494,20.10957792207792,10.105519480519481,1
782,2.303947012145798,9.618506493506494,20.10957792207792,10.105519480519481,1
783,2.3038592245671654,9.74025974025974,20.10957792207792,10.125811688311689,1
784,2.3059891292027066,9.862012987012987,20.10957792207792,10.409902597402597,0
785,2.304976751277973,9.618506493506494,20.10957792207792,10.105519480519481,1
786,2.304890350861983,10.38961038961039,20.10957792207792,9.598214285714286,0
787,2.3035452180094533,9.760551948051948,20.10957792207792,9.55762987012987,1
788,2.3057436416675516,9.862012987012987,20.10957792207792,10.409902597402597,0
789,2.3043407619773566,9.618506493506494,20.10957792207792,10.105519480519481,1
790,2.303946826365087,9.618506493506494,20.10957792207792,10.105519480519481,1
791,2.303881899102942,9.74025974025974,20.10957792207792,10.125811688311689,1
792,2.3061005666658474,9.862012987012987,20.10957792207792,10.409902597402597,0
793,2.3043785157141747,9.618506493506494,20.10957792207792,10.105519480519481,1
794,2.3039588928222656,9.618506493506494,20.10957792207792,10.105519480519481,1
795,2.3038915008693546,9.74025974025974,20.10957792207792,10.125811688311689,1
796,2.3061450487607487,9.862012987012987,20.10957792207792,10.409902597402597,0
797,2.3043863401784526,9.618506493506494,20.10957792207792,10.105519480519481,1
798,2.3039612119848076,9.618506493506494,20.10957792207792,10.105519480519481,1
799,2.30389885778551,9.74025974025974,20.10957792207792,10.125811688311689,1
800,2.3038353331677324,9.760551948051948,20.10957792207792,10.085227272727273,1
801,2.304105368527499,9.618506493506494,20.10957792207792,10.105519480519481,1
802,2.3049476146698,10.38961038961039,20.10957792207792,9.598214285714286,0
803,2.303651710609337,9.760551948051948,20.10957792207792,9.55762987012987,1
804,2.30599603095612,9.862012987012987,20.10957792207792,10.409902597402597,0
805,2.304387801653379,9.618506493506494,20.10957792207792,10.105519480519481,1
806,2.3039722999969086,9.618506493506494,20.10957792207792,10.105519480519481,1
807,2.3039296571310466,9.74025974025974,20.10957792207792,10.125811688311689,1
808,2.306331244381991,9.862012987012987,20.10957792207792,10.409902597402597,0
809,2.30442543772908,9.618506493506494,20.10957792207792,10.105519480519481,1
810,2.3049725154777625,10.38961038961039,20.10957792207792,9.598214285714286,0
811,2.3036822188984263,9.760551948051948,20.10957792207792,9.55762987012987,1
812,2.306148625039435,9.862012987012987,20.10957792207792,10.409902597402597,0
813,2.304418356387646,9.618506493506494,20.10957792207792,10.105519480519481,1
814,2.3050509799610484,10.38961038961039,20.10957792207792,9.598214285714286,0
815,2.3036943937276866,9.760551948051948,20.10957792207792,9.55762987012987,1
816,2.3062080686742608,9.862012987012987,20.10957792207792,10.409902597402597,0
817,2.304432435469194,9.618506493506494,20.10957792207792,10.105519480519481,1
818,2.303992664659178,9.618506493506494,20.10957792207792,10.105519480519481,1
819,2.303962757061054,9.74025974025974,20.10957792207792,10.125811688311689,1
820,2.306485488817289,9.862012987012987,20.10957792207792,10.409902597402597,0
821,2.3044590485560428,9.618506493506494,20.10957792207792,10.105519480519481,1
822,2.305119257468682,10.38961038961039,20.10957792207792,9.598214285714286,0
823,2.3037340238496853,9.760551948051948,20.10957792207792,9.55762987012987,1
824,2.306337359663728,9.862012987012987,20.10957792207792,10.409902597402597,0
825,2.304459485140714,9.618506493506494,20.10957792207792,10.105519480519481,1
826,2.305193046470741,10.38961038961039,20.10957792207792,9.598214285714286,0
827,2.3037516977879906,9.760551948051948,20.10957792207792,9.55762987012987,1
828,2.3063969023815996,9.862012987012987,20.10957792207792,10.409902597402597,0
829,2.304471814787233,9.618506493506494,20.10957792207792,10.105519480519481,1
830,2.3052400551833117,10.38961038961039,20.10957792207792,9.598214285714286,0
831,2.303769285028631,9.760551948051948,20.10957792207792,9.55762987012987,1
832,2.3064644584408054,9.862012987012987,20.10957792207792,10.409902597402597,0
833,2.3044880334433024,9.618506493506494,20.10957792207792,10.105519480519481,1
834,2.305289568839135,10.38961038961039,20.10957792207792,9.598214285714286,0
835,2.3037907953386183,9.760551948051948,20.10957792207792,9.55762987012987,1
836,2.306528831457163,9.862012987012987,20.10957792207792,10.409902597402597,0
837,2.3045023199799775,9.618506493506494,20.10957792207792,10.105519480519481,1
838,2.305339946375265,10.38961038961039,20.10957792207792,9.598214285714286,0
839,2.3038126555356113,9.760551948051948,20.10957792207792,9.55762987012987,1
840,2.3065946845265177,9.862012987012987,20.10957792207792,10.409902597402597,0
841,2.3045167830083275,9.618506493506494,20.10957792207792,10.105519480519481,1
842,2.305390618064187,10.38961038961039,20.10957792207792,9.598214285714286,0
843,2.3038345869485433,9.760551948051948,20.10957792207792,9.55762987012987,1
844,2.3066614850774987,9.862012987012987,20.10957792207792,10.409902597402597,0
845,2.3045319581960704,9.618506493506494,20.10957792207792,10.105519480519481,1
846,2.3054417944573737,10.38961038961039,20.10957792207792,9.598214285714286,0
847,2.303857924102189,9.760551948051948,20.10957792207792,9.55762987012987,1
848,2.3067299019206655,9.862012987012987,20.10957792207792,10.409902597402597,0
849,2.304548251164424,9.618506493506494,20.10957792207792,10.105519480519481,1
850,2.3054940824384813,10.38961038961039,20.10957792207792,9.598214285714286,0
851,2.303881239581418,9.760551948051948,20.10957792207792,9.55762987012987,1
852,2.3037175203298594,9.74025974025974,20.10957792207792,10.166396103896103,1
853,2.304624127103137,9.618506493506494,20.10957792207792,10.105519480519481,1
854,2.3056448187146867,10.38961038961039,20.10957792207792,9.598214285714286,0
855,2.3039024743166836,9.760551948051948,20.10957792207792,9.55762987012987,1
856,2.303826037939493,9.780844155844155,20.10957792207792,9.55762987012987,1
857,2.3044649006484392,9.618506493506494,20.10957792207792,10.105519480519481,1
858,2.305716932594002,10.38961038961039,20.10957792207792,9.598214285714286,0
859,2.3039752941627007,9.760551948051948,20.10957792207792,9.55762987012987,1
860,2.307028609436828,9.862012987012987,20.10957792207792,10.409902597402597,0
861,2.304619501163433,9.618506493506494,20.10957792207792,10.105519480519481,1
862,2.3057230943209164,10.38961038961039,20.10957792207792,9.598214285714286,0
863,2.3039421168240635,9.760551948051948,20.10957792207792,9.55762987012987,1
864,2.3038215668170485,10.978084415584416,20.10957792207792,11.262175324675324,1
865,2.309533589846128,9.862012987012987,20.10957792207792,10.409902597402597,0
866,2.3073763537716556,9.456168831168831,20.10957792207792,9.151785714285714,1
867,2.3080230192704634,9.19237012987013,20.10957792207792,10.186688311688311,0
868,2.3077097589319404,9.92288961038961,20.10957792207792,10.105519480519481,1
869,2.313852935642391,10.491071428571429,20.10957792207792,10.633116883116884,1
870,2.3094167709350586,9.659090909090908,20.10957792207792,10.044642857142858,1
871,2.3145429654554888,10.430194805194805,20.10957792207792,11.018668831168831,1
872,2.335448001886343,10.267857142857142,20.10957792207792,10.044642857142858,0
873,2.3522124909735345,10.450487012987013,20.10957792207792,10.369318181818182,1
874,2.35117557760957,9.74025974025974,20.10957792207792,10.125811688311689,1
875,2.307517228188453,9.618506493506494,20.10957792207792,10.105519480519481,0
876,2.3095208824454962,9.862012987012987,20.10957792207792,10.409902597402597,0
877,2.31020086771482,9.862012987012987,20.10957792207792,10.409902597402597,0
878,2.3049217942473175,9.618506493506494,20.10957792207792,10.105519480519481,1
879,2.3041123260151255,9.74025974025974,20.10957792207792,10.125811688311689,1
880,2.307612400550347,9.862012987012987,20.10957792207792,10.409902597402597,0
881,2.306362824006514,9.618506493506494,20.10957792207792,10.105519480519481,1
882,2.306365613813524,10.38961038961039,20.10957792207792,9.598214285714286,0
883,2.303964847094053,9.74025974025974,20.10957792207792,10.125811688311689,1
884,2.307693936608054,9.862012987012987,20.10957792207792,10.409902597402597,0
885,2.306431751746636,9.618506493506494,20.10957792207792,10.105519480519481,1
886,2.3064446604097046,10.38961038961039,20.10957792207792,9.598214285714286,0
887,2.306711587038907,9.618506493506494,20.10957792207792,10.105519480519481,0
888,2.3038701794364234,10.085227272727273,20.10957792207792,10.57224025974026,1
889,2.3049730387600986,9.618506493506494,20.10957792207792,10.105519480519481,1
890,2.3064076157359334,10.38961038961039,20.10957792207792,9.598214285714286,0
891,2.306793281010219,9.618506493506494,20.10957792207792,10.105519480519481,0
892,2.303876403090242,10.146103896103897,20.10957792207792,10.592532467532468,1
893,2.305020285891248,9.618506493506494,20.10957792207792,10.105519480519481,1
894,2.306466551570149,10.38961038961039,20.10957792207792,9.598214285714286,0
895,2.306888366674448,9.618506493506494,20.10957792207792,10.105519480519481,0
896,2.3038832800728932,10.125811688311689,20.10957792207792,10.57224025974026,1
897,2.305069604477325,9.618506493506494,20.10957792207792,10.105519480519481,1
898,2.3065268343145195,10.38961038961039,20.10957792207792,9.598214285714286,0
899,2.306985368976345,9.618506493506494,20.10957792207792,10.105519480519481,0
900,2.303889955793108,10.166396103896103,20.10957792207792,10.349025974025974,1
901,2.3051198798340637,9.618506493506494,20.10957792207792,10.105519480519481,1
902,2.30658711705889,9.659090909090908,20.10957792207792,9.050324675324676,0
903,2.3070854490453545,9.618506493506494,20.10957792207792,10.105519480519481,0
904,2.303895238157991,9.679383116883116,20.10957792207792,10.105519480519481,1
905,2.310278084370997,9.862012987012987,20.10957792207792,10.409902597402597,0
906,2.304761911367441,9.618506493506494,20.10957792207792,10.105519480519481,1
907,2.3042101952936744,9.74025974025974,20.10957792207792,10.125811688311689,1
908,2.3081829300174466,9.862012987012987,20.10957792207792,10.409902597402597,0
909,2.3061275172543216,9.618506493506494,20.10957792207792,10.105519480519481,1
910,2.306738717215402,9.760551948051948,20.10957792207792,9.55762987012987,0
911,2.3072945204648105,9.618506493506494,20.10957792207792,10.105519480519481,0
912,2.303906484083696,9.47646103896104,20.10957792207792,10.206980519480519,1
913,2.3066256634600752,9.618506493506494,20.10957792207792,10.105519480519481,1
914,2.3068453305727474,9.760551948051948,20.10957792207792,9.55762987012987,0
915,2.3042766459576494,9.74025974025974,20.10957792207792,10.125811688311689,1
916,2.3084105144847524,9.862012987012987,20.10957792207792,10.409902597402597,0
917,2.3051174275286788,9.618506493506494,20.10957792207792,10.105519480519481,1
918,2.3068424881278693,9.760551948051948,20.10957792207792,9.55762987012987,0
919,2.3075502383244504,9.618506493506494,20.10957792207792,10.105519480519481,0
920,2.3084897933068214,9.862012987012987,20.10957792207792,10.409902597402597,0
921,2.305132212576928,9.618506493506494,20.10957792207792,10.105519480519481,1
922,2.306844506944929,9.760551948051948,20.10957792207792,9.55762987012987,0
923,2.304302642871807,9.74025974025974,20.10957792207792,10.125811688311689,1
924,2.310129261636115,9.862012987012987,20.10957792207792,10.409902597402597,0
925,2.3049213205065047,9.618506493506494,20.10957792207792,10.105519480519481,1
926,2.30689583505903,9.760551948051948,20.10957792207792,9.55762987012987,0
927,2.3076374654646044,9.618506493506494,20.10957792207792,10.105519480519481,0
928,2.3039023597519117,9.598214285714286,20.10957792207792,10.02435064935065,1
929,2.306653917609871,9.618506493506494,20.10957792207792,10.105519480519481,1
930,2.3070058543960767,9.760551948051948,20.10957792207792,9.55762987012987,0
931,2.3044609559046756,9.74025974025974,20.10957792207792,10.125811688311689,1
932,2.3038046483869676,9.618506493506494,20.10957792207792,10.105519480519481,1
933,2.305133314875813,9.618506493506494,20.10957792207792,10.105519480519481,1
934,2.3070662671869453,9.760551948051948,20.10957792207792,9.55762987012987,0
935,2.3045185169616302,9.74025974025974,20.10957792207792,10.125811688311689,1
936,2.303792786288571,9.618506493506494,20.10957792207792,10.105519480519481,1
937,2.3051698207855225,9.618506493506494,20.10957792207792,10.105519480519481,1
938,2.3071474595503374,9.760551948051948,20.10957792207792,9.55762987012987,0
939,2.3045704891155294,9.74025974025974,20.10957792207792,10.125811688311689,1
940,2.303765749002432,9.618506493506494,20.10957792207792,10.105519480519481,1
941,2.3051930371817058,9.618506493506494,20.10957792207792,10.105519480519481,1
942,2.307235807567448,9.760551948051948,20.10957792207792,9.55762987012987,0
943,2.3046267094550195,9.74025974025974,20.10957792207792,10.125811688311689,1
944,2.303740742918733,9.598214285714286,20.10957792207792,10.105519480519481,1
945,2.3052228209260224,9.618506493506494,20.10957792207792,10.105519480519481,1
946,2.3073079493138695,9.760551948051948,20.10957792207792,9.55762987012987,0
947,2.304667429490523,9.74025974025974,20.10957792207792,10.125811688311689,1
948,2.303694437076519,9.679383116883116,20.10957792207792,10.267857142857142,1
949,2.305240247156713,9.618506493506494,20.10957792207792,10.105519480519481,1
950,2.3073653524572197,11.03896103896104,20.10957792207792,11.48538961038961,0
951,2.3087500658902256,9.618506493506494,20.10957792207792,10.105519480519481,0
952,2.30373747937091,10.9375,20.10957792207792,11.282467532467532,1
953,2.3054590906415666,9.618506493506494,20.10957792207792,10.105519480519481,1
954,2.3040893139777245,10.28814935064935,20.10957792207792,9.659090909090908,1
955,2.30802769475169,9.699675324675324,20.10957792207792,10.247564935064934,0
956,2.303684866273558,10.28814935064935,20.10957792207792,10.511363636363637,1
957,2.3067663675778873,9.963474025974026,20.10957792207792,10.491071428571429,1
958,2.3147746959289948,9.55762987012987,20.10957792207792,9.172077922077921,0
959,2.3173226257423303,9.74025974025974,20.10957792207792,10.125811688311689,0
960,2.311468338037466,9.862012987012987,20.10957792207792,10.409902597402597,0
961,2.305810293593964,9.618506493506494,20.10957792207792,10.105519480519481,1
962,2.3076113973345076,9.760551948051948,20.10957792207792,9.55762987012987,0
963,2.3091382546858354,9.618506493506494,20.10957792207792,10.105519480519481,0
964,2.30979602987116,9.862012987012987,20.10957792207792,10.409902597402597,0
965,2.31065347906831,10.28814935064935,20.10957792207792,9.659090909090908,0
966,2.3044038747812245,9.618506493506494,20.10957792207792,10.105519480519481,1
967,2.308047833380761,10.491071428571429,20.10957792207792,10.978084415584416,0
968,2.3097893355728742,9.862012987012987,20.10957792207792,10.409902597402597,0
969,2.310598296004456,10.28814935064935,20.10957792207792,9.659090909090908,0
970,2.305311747959682,9.618506493506494,20.10957792207792,10.105519480519481,1
971,2.307871611087353,10.83603896103896,20.10957792207792,11.607142857142858,0
972,2.3097902180312517,9.862012987012987,20.10957792207792,10.409902597402597,0
973,2.3104398157689476,10.28814935064935,20.10957792207792,9.659090909090908,0
974,2.3050130590215905,9.618506493506494,20.10957792207792,10.105519480519481,1
975,2.303604704993112,10.957792207792208,20.10957792207792,11.444805194805195,1
976,2.302705736903401,11.607142857142858,20.10957792207792,11.668019480519481,1
977,2.311481085690585,9.862012987012987,20.10957792207792,10.409902597402597,0
978,2.303044604016589,9.618506493506494,20.10957792207792,10.105519480519481,1
979,2.303232654348596,11.221590909090908,20.10957792207792,10.714285714285714,1
980,2.308601915062248,9.780844155844155,20.10957792207792,9.334415584415584,1
981,2.3143031813881616,9.659090909090908,20.10957792207792,10.105519480519481,1
982,2.3296880319521023,10.653409090909092,20.10957792207792,10.876623376623376,1
983,2.387623056188806,9.74025974025974,20.10957792207792,10.125811688311689,1
984,2.313867612318559,9.659090909090908,20.10957792207792,9.456168831168831,1
985,2.3081074937597497,9.679383116883116,20.10957792207792,10.146103896103897,1
986,2.3081852120238464,9.760551948051948,20.10957792207792,9.55762987012987,0
987,2.3059175076422753,9.74025974025974,20.10957792207792,10.125811688311689,1
988,2.3034212744081177,9.618506493506494,20.10957792207792,10.105519480519481,1
989,2.3056316282842064,9.6387987012987,20.10957792207792,10.146103896103897,1
990,2.3050486143533284,9.983766233766234,20.10957792207792,10.6737012987013,1
991,2.3046242014154212,10.6737012987013,20.10957792207792,11.181006493506494,1
992,2.303293045465048,9.598214285714286,20.10957792207792,10.085227272727273,1
993,2.3054832638084113,9.699675324675324,20.10957792207792,10.349025974025974,1
994,2.304928203681847,10.085227272727273,20.10957792207792,10.856331168831169,1
995,2.30412710796703,11.282467532467532,20.10957792207792,11.505681818181818,1
996,2.3026868089452965,10.491071428571429,20.10957792207792,10.978084415584416,1
997,2.304864669775034,10.044642857142858,20.10957792207792,10.38961038961039,1
998,2.307863579167948,10.693993506493506,20.10957792207792,10.917207792207792,0
999,2.3051301256402748,9.760551948051948,20.10957792207792,10.166396103896103,1
1000,2.3044839153042087,9.862012987012987,20.10957792207792,10.38961038961039,0
1001,2.3016058531674473,9.659090909090908,20.10957792207792,10.146103896103897,1
1002,2.3009185295600396,9.659090909090908,20.10957792207792,10.146103896103897,1
1003,2.300984713938329,13.51461038961039,20.10957792207792,13.088474025974026,0
1004,2.298581513491544,11.566558441558442,20.10957792207792,11.099837662337663,1
1005,2.302130432872029,11.891233766233766,20.10957792207792,12.337662337662337,1
1006,2.2965506268786147,13.717532467532468,20.10957792207792,14.42775974025974,1
1007,2.2960019514158176,13.392857142857142,20.10957792207792,13.575487012987013,1
1008,2.291930882961719,14.590097402597403,20.10957792207792,15.320616883116884,1
1009,2.2970216800640157,14.914772727272727,20.10957792207792,15.482954545454545,0
1010,2.2874495425781647,13.778409090909092,20.10957792207792,14.16396103896104,1
1011,2.2846368876370517,15.036525974025974,20.10957792207792,15.137987012987013,1
1012,2.282645727132822,14.306006493506494,20.10957792207792,13.616071428571429,1
1013,2.2867975420766062,11.627435064935066,20.10957792207792,12.175324675324676,1
1014,2.3373374195842,12.378246753246753,20.10957792207792,11.789772727272727,1
1015,2.4722089674565697,9.74025974025974,20.10957792207792,10.125811688311689,1
1016,2.3677609152608103,10.227272727272727,20.10957792207792,10.166396103896103,0
1017,2.329440082822527,9.6387987012987,20.10957792207792,10.105519480519481,1
1018,2.3105289100052473,10.38961038961039,20.10957792207792,9.598214285714286,0
1019,2.303315326764986,9.6387987012987,20.10957792207792,10.146103896103897,0
1020,2.3044393743787492,9.902597402597403,20.10957792207792,10.450487012987013,0
1021,2.303476027079991,9.841720779220779,20.10957792207792,10.328733766233766,1
1022,2.3030076770039347,10.38961038961039,20.10957792207792,9.598214285714286,0
1023,2.3013665180701715,9.821428571428571,20.10957792207792,9.55762987012987,1
1024,2.3011491050967923,9.92288961038961,20.10957792207792,9.719967532467532,1
1025,2.304354853444285,9.780844155844155,20.10957792207792,10.085227272727273,0
1026,2.3016032057923157,10.004058441558442,20.10957792207792,10.430194805194805,1
1027,2.3003921756496677,10.612824675324676,20.10957792207792,10.815746753246753,1
1028,2.3016927768657736,9.963474025974026,20.10957792207792,10.470779220779221,0
1029,2.2994853025907047,10.004058441558442,20.10957792207792,10.308441558441558,1
1030,2.29732997696121,9.963474025974026,20.10957792207792,10.612824675324676,1
1031,2.2956350438006514,12.297077922077921,20.10957792207792,12.7637987012987,1
1032,2.292828179025031,12.357954545454545,20.10957792207792,12.743506493506494,1
1033,2.28946616123249,11.58685064935065,20.10957792207792,12.053571428571429,1
1034,2.2834052327391388,12.926136363636363,20.10957792207792,12.7637987012987,1
1035,2.272376803608684,15.3612012987013,20.10957792207792,14.448051948051948,1
1036,2.2633283602726926,12.662337662337663,20.10957792207792,12.7637987012987,0
1037,2.2470463808480794,11.911525974025974,20.10957792207792,10.9375,1
1038,2.2724470813553053,10.247564935064934,20.10957792207792,10.166396103896103,0
1039,2.2388744199430786,12.946428571428571,20.10957792207792,11.992694805194805,1
1040,2.327786194813716,15.280032467532468,20.10957792207792,15.72646103896104,1
1041,2.2050663341175425,15.746753246753247,20.10957792207792,15.3612012987013,1
1042,2.2254958245661354,13.555194805194805,20.10957792207792,13.068181818181818,1
1043,2.4066209916944628,14.387175324675324,20.10957792207792,14.3262987012987,1
1044,2.30198309947918,11.931818181818182,20.10957792207792,12.31737012987013,0
1045,2.2403265346180308,15.482954545454545,20.10957792207792,15.787337662337663,0
1046,2.177950927189418,17.816558441558442,20.10957792207792,17.349837662337663,1
1047,2.188661804446926,18.364448051948052,20.10957792207792,18.28327922077922,1
1048,2.4890564014385275,17.613636363636363,20.10957792207792,16.964285714285715,1
1049,2.5294037051015086,10.247564935064934,20.10957792207792,10.166396103896103,1
1050,2.446748092577055,10.247564935064934,20.10957792207792,10.166396103896103,0
1051,2.3911295030024147,9.74025974025974,20.10957792207792,10.125811688311689,1
1052,2.3451489194647057,10.247564935064934,20.10957792207792,10.166396103896103,0
1053,2.3180292333875383,9.618506493506494,20.10957792207792,10.105519480519481,1
1054,2.308197309444477,9.618506493506494,20.10957792207792,10.105519480519481,1
1055,2.3057484564843116,9.74025974025974,20.10957792207792,10.125811688311689,1
1056,2.3069035975964036,9.862012987012987,20.10957792207792,10.409902597402597,0
1057,2.3052034687686276,9.618506493506494,20.10957792207792,10.105519480519481,1
1058,2.3042683446562133,9.618506493506494,20.10957792207792,10.105519480519481,1
1059,2.305955648422241,9.618506493506494,20.10957792207792,10.105519480519481,0
1060,2.3060658225765476,9.862012987012987,20.10957792207792,10.409902597402597,0
1061,2.304951909300569,9.618506493506494,20.10957792207792,10.105519480519481,1
1062,2.304959256927688,10.38961038961039,20.10957792207792,9.598214285714286,0
1063,2.303744950851837,9.760551948051948,20.10957792207792,9.55762987012987,1
1064,2.303826248490965,9.760551948051948,20.10957792207792,9.55762987012987,1
1065,2.3074131755085734,9.862012987012987,20.10957792207792,10.409902597402597,0
1066,2.30473256111145,10.28814935064935,20.10957792207792,9.659090909090908,1
1067,2.304665776042195,9.74025974025974,20.10957792207792,10.125811688311689,1
1068,2.3064887399797316,9.862012987012987,20.10957792207792,10.409902597402597,0
1069,2.3082642493309913,9.862012987012987,20.10957792207792,10.409902597402597,0
1070,2.3049005626083967,10.308441558441558,20.10957792207792,9.659090909090908,1
1071,2.304823671068464,9.74025974025974,20.10957792207792,10.125811688311689,1
1072,2.3065748988807977,9.862012987012987,20.10957792207792,10.409902597402597,0
1073,2.3083041178715695,9.862012987012987,20.10957792207792,10.409902597402597,0
1074,2.3049014202960127,10.28814935064935,20.10957792207792,9.659090909090908,1
1075,2.3048238351747585,9.74025974025974,20.10957792207792,10.125811688311689,1
1076,2.3065911330185926,9.862012987012987,20.10957792207792,10.409902597402597,0
1077,2.3083222965141394,9.862012987012987,20.10957792207792,10.409902597402597,0
1078,2.3048968562832126,10.28814935064935,20.10957792207792,9.659090909090908,1
1079,2.304823720609987,9.74025974025974,20.10957792207792,10.125811688311689,1
1080,2.306608011196186,9.862012987012987,20.10957792207792,10.409902597402597,0
1081,2.3083420078475756,9.862012987012987,20.10957792207792,10.409902597402597,0
1082,2.3053859456793053,9.862012987012987,20.10957792207792,10.409902597402597,1
1083,2.3049142639358324,9.74025974025974,20.10957792207792,10.125811688311689,1
1084,2.306667643708068,9.862012987012987,20.10957792207792,10.409902597402597,0
1085,2.304763394516784,9.618506493506494,20.10957792207792,10.105519480519481,1
1086,2.304161282328816,9.618506493506494,20.10957792207792,10.105519480519481,1
1087,2.3047335085930762,9.74025974025974,20.10957792207792,10.125811688311689,1
1088,2.304002384086708,9.74025974025974,20.10957792207792,10.125811688311689,1
1089,2.3041862946052056,9.618506493506494,20.10957792207792,10.105519480519481,1
1090,2.3040291241237094,9.618506493506494,20.10957792207792,10.105519480519481,1
1091,2.3039398472030443,9.74025974025974,20.10957792207792,10.125811688311689,1
1092,2.303908233518724,9.74025974025974,20.10957792207792,10.125811688311689,1
1093,2.3077669081749854,9.862012987012987,20.10957792207792,10.409902597402597,0
1094,2.305322009247619,10.28814935064935,20.10957792207792,9.659090909090908,1
1095,2.306470694480004,9.618506493506494,20.10957792207792,10.105519480519481,0
1096,2.3040750645971917,9.618506493506494,20.10957792207792,10.105519480519481,1
1097,2.3079885445631945,9.862012987012987,20.10957792207792,10.409902597402597,0
1098,2.304842301777431,10.28814935064935,20.10957792207792,9.659090909090908,1
1099,2.3042381305199164,9.74025974025974,20.10957792207792,10.125811688311689,1
1100,2.3065332592307746,9.862012987012987,20.10957792207792,10.409902597402597,0
1101,2.305148412654926,9.618506493506494,20.10957792207792,10.105519480519481,1
1102,2.3041526868745876,9.618506493506494,20.10957792207792,10.105519480519481,1
1103,2.303944640345388,9.74025974025974,20.10957792207792,10.125811688311689,1
1104,2.3038983468885545,9.74025974025974,20.10957792207792,10.125811688311689,1
1105,2.3078952021413035,9.862012987012987,20.10957792207792,10.409902597402597,0
1106,2.3048860159787266,10.28814935064935,20.10957792207792,9.659090909090908,1
1107,2.3042529217608565,9.74025974025974,20.10957792207792,10.125811688311689,1
1108,2.3065978273168786,9.862012987012987,20.10957792207792,10.409902597402597,0
1109,2.3051778898610698,9.618506493506494,20.10957792207792,10.105519480519481,1
1110,2.304149921838339,9.618506493506494,20.10957792207792,10.105519480519481,1
1111,2.303956025606626,9.74025974025974,20.10957792207792,10.125811688311689,1
1112,2.303916683444729,9.74025974025974,20.10957792207792,10.125811688311689,1
1113,2.3079865690949677,9.862012987012987,20.10957792207792,10.409902597402597,0
1114,2.304772760960963,10.28814935064935,20.10957792207792,9.659090909090908,1
1115,2.304223915199181,9.74025974025974,20.10957792207792,10.125811688311689,1
1116,2.3066442570128998,9.862012987012987,20.10957792207792,10.409902597402597,0
1117,2.305203896064263,9.618506493506494,20.10957792207792,10.105519480519481,1
1118,2.3041476243502133,9.618506493506494,20.10957792207792,10.105519480519481,1
1119,2.306290001064152,9.618506493506494,20.10957792207792,10.105519480519481,0
1120,2.303944590803865,9.618506493506494,20.10957792207792,10.105519480519481,1
1121,2.3081458636692593,9.862012987012987,20.10957792207792,10.409902597402597,0
1122,2.304811579840524,10.28814935064935,20.10957792207792,9.659090909090908,1
1123,2.3065533947635006,9.618506493506494,20.10957792207792,10.105519480519481,0
1124,2.3040248480710117,9.618506493506494,20.10957792207792,10.105519480519481,1
1125,2.3082276969761044,9.862012987012987,20.10957792207792,10.409902597402597,0
1126,2.304819862563889,10.28814935064935,20.10957792207792,9.659090909090908,1
1127,2.3042465525788147,9.74025974025974,20.10957792207792,10.125811688311689,1
1128,2.3067143334970845,9.862012987012987,20.10957792207792,10.409902597402597,0
1129,2.3052384946253395,9.618506493506494,20.10957792207792,10.105519480519481,1
1130,2.3041458873005656,9.618506493506494,20.10957792207792,10.105519480519481,1
1131,2.3063446236895278,9.618506493506494,20.10957792207792,10.105519480519481,0
1132,2.3039405129172583,9.618506493506494,20.10957792207792,10.105519480519481,1
1133,2.308244324349738,9.862012987012987,20.10957792207792,10.409902597402597,0
1134,2.30480534689767,10.28814935064935,20.10957792207792,9.659090909090908,1
1135,2.3065971646990096,9.618506493506494,20.10957792207792,10.105519480519481,0
1136,2.3040163671815552,9.618506493506494,20.10957792207792,10.105519480519481,1
1137,2.3083208288465227,9.862012987012987,20.10957792207792,10.409902597402597,0
1138,2.3048116944052954,10.28814935064935,20.10957792207792,9.659090909090908,1
1139,2.3042513673955742,9.74025974025974,20.10957792207792,10.125811688311689,1
1140,2.306782363297103,9.862012987012987,20.10957792207792,10.409902597402597,0
1141,2.305273034355857,9.618506493506494,20.10957792207792,10.105519480519481,1
1142,2.3041434814403585,9.618506493506494,20.10957792207792,10.105519480519481,1
1143,2.3063997541155135,9.618506493506494,20.10957792207792,10.105519480519481,0
1144,2.303937428957456,9.618506493506494,20.10957792207792,10.105519480519481,1
1145,2.308345376671135,9.862012987012987,20.10957792207792,10.409902597402597,0
1146,2.3047982191110585,10.28814935064935,20.10957792207792,9.659090909090908,1
1147,2.3066427769599023,9.618506493506494,20.10957792207792,10.105519480519481,0
1148,2.3040072236742293,9.618506493506494,20.10957792207792,10.105519480519481,1
1149,2.308416255108722,9.862012987012987,20.10957792207792,10.409902597402597,0
1150,2.304904916069724,10.28814935064935,20.10957792207792,9.659090909090908,1
1151,2.304283160667915,9.74025974025974,20.10957792207792,10.125811688311689,1
1152,2.3068630138000885,9.862012987012987,20.10957792207792,10.409902597402597,0
1153,2.3053119306440477,9.618506493506494,20.10957792207792,10.105519480519481,1
1154,2.3055932986271848,10.38961038961039,20.10957792207792,9.598214285714286,0
1155,2.3034382950175893,9.821428571428571,20.10957792207792,10.146103896103897,1
1156,2.3037487160075796,9.74025974025974,20.10957792207792,10.125811688311689,1
1157,2.30830488886152,9.862012987012987,20.10957792207792,10.409902597402597,0
1158,2.304853036806181,10.28814935064935,20.10957792207792,9.659090909090908,1
1159,2.3042713883635284,9.74025974025974,20.10957792207792,10.125811688311689,1
1160,2.3069094961339776,9.862012987012987,20.10957792207792,10.409902597402597,0
1161,2.3053362895916036,9.618506493506494,20.10957792207792,10.105519480519481,1
1162,2.3056403352068617,10.38961038961039,20.10957792207792,9.598214285714286,0
1163,2.30393275966892,9.760551948051948,20.10957792207792,9.55762987012987,1
1164,2.3076759189754337,10.247564935064934,20.10957792207792,10.166396103896103,0
1165,2.305746093972937,9.618506493506494,20.10957792207792,10.105519480519481,1
1166,2.3057774909130937,10.38961038961039,20.10957792207792,9.598214285714286,0
1167,2.3057085879437333,9.618506493506494,20.10957792207792,10.105519480519481,0
1168,2.303807066632556,9.618506493506494,20.10957792207792,10.105519480519481,1
1169,2.3085006181295817,9.862012987012987,20.10957792207792,10.409902597402597,0
1170,2.3048664749442755,9.760551948051948,20.10957792207792,9.55762987012987,0
1171,2.3039441263520875,9.760551948051948,20.10957792207792,9.55762987012987,1
1172,2.3068263313987036,9.862012987012987,20.10957792207792,10.409902597402597,0
1173,2.305043700453523,9.618506493506494,20.10957792207792,10.105519480519481,1
1174,2.305656216361306,10.38961038961039,20.10957792207792,9.598214285714286,0
1175,2.30569829878869,9.618506493506494,20.10957792207792,10.105519480519481,0
1176,2.303807515602607,9.618506493506494,20.10957792207792,10.105519480519481,1
1177,2.3085534696455126,9.862012987012987,20.10957792207792,10.409902597402597,0
1178,2.305428446113289,10.28814935064935,20.10957792207792,9.659090909090908,1
1179,2.3068170113997026,9.618506493506494,20.10957792207792,10.105519480519481,0
1180,2.303985902241298,9.618506493506494,20.10957792207792,10.105519480519481,1
1181,2.305169257250699,9.618506493506494,20.10957792207792,10.105519480519481,1
1182,2.3057387958873403,10.38961038961039,20.10957792207792,9.598214285714286,0
1183,2.3057724438704454,9.618506493506494,20.10957792207792,10.105519480519481,0
1184,2.3038000348326446,9.618506493506494,20.10957792207792,10.105519480519481,1
1185,2.305114965934258,9.618506493506494,20.10957792207792,10.105519480519481,1
1186,2.305744926650803,10.38961038961039,20.10957792207792,9.598214285714286,0
1187,2.303555488586426,10.693993506493506,20.10957792207792,11.140422077922079,1
1188,2.30370831489563,9.862012987012987,20.10957792207792,10.186688311688311,1
1189,2.305273474036873,9.618506493506494,20.10957792207792,10.105519480519481,1
1190,2.305759990370119,10.38961038961039,20.10957792207792,9.598214285714286,0
1191,2.303727580355359,9.760551948051948,20.10957792207792,9.55762987012987,1
1192,2.306406327656337,9.862012987012987,20.10957792207792,10.409902597402597,0
1193,2.30836212480223,9.862012987012987,20.10957792207792,10.409902597402597,0
1194,2.3040575145126936,9.760551948051948,20.10957792207792,9.55762987012987,0
1195,2.302836269527287,11.383928571428571,20.10957792207792,11.607142857142858,1
1196,2.3053777248828444,9.862012987012987,20.10957792207792,10.409902597402597,0
1197,2.3025120419341247,10.227272727272727,20.10957792207792,10.83603896103896,1
1198,2.2998567649296353,10.714285714285714,20.10957792207792,11.343344155844155,1
1199,2.30065300867155,14.103084415584416,20.10957792207792,14.042207792207792,0
1200,2.29972209868493,9.862012987012987,20.10957792207792,10.409902597402597,0
